0,5,0.1,0.01,1,full
1,5,0.1,0.01,2,full
2,5,0.1,0.01,3,full
3,5,0.1,0.01,4,full
4,5,0.1,0.01,5,full
5,5,0.1,0.01,6,full
6,5,0.1,0.01,7,full
7,5,0.1,0.01,8,full
8,5,0.1,0.01,9,full
9,5,0.1,0.01,10,full
10,5,0.1,0.01,11,full
11,5,0.1,0.01,12,full
12,5,0.1,0.01,13,full
13,5,0.1,0.01,14,full
14,5,0.1,0.01,15,full
15,5,0.1,0.01,16,full
16,5,0.1,0.01,17,full
17,5,0.1,0.01,18,full
18,5,0.1,0.01,19,full
19,5,0.1,0.01,20,full
20,5,0.1,0.01,21,full
21,5,0.1,0.01,22,full
22,5,0.1,0.01,23,full
23,5,0.1,0.01,24,full
24,5,0.1,0.01,25,full
25,5,0.1,0.01,26,full
26,5,0.1,0.01,27,full
27,5,0.1,0.01,28,full
28,5,0.1,0.01,29,full
29,5,0.1,0.01,30,full
30,5,0.1,0.01,31,full
31,5,0.1,0.01,32,full
32,5,0.1,0.01,33,full
33,5,0.1,0.01,34,full
34,5,0.1,0.01,35,full
35,5,0.1,0.01,36,full
36,5,0.1,0.01,37,full
37,5,0.1,0.01,38,full
38,5,0.1,0.01,39,full
39,5,0.1,0.01,40,full
40,5,0.1,0.01,41,full
41,5,0.1,0.01,42,full
42,5,0.1,0.01,43,full
43,5,0.1,0.01,44,full
44,5,0.1,0.01,45,full
45,5,0.1,0.01,46,full
46,5,0.1,0.01,47,full
47,5,0.1,0.01,48,full
48,5,0.1,0.01,49,full
49,5,0.1,0.01,1,noDSL
50,5,0.1,0.01,2,noDSL
51,5,0.1,0.01,3,noDSL
52,5,0.1,0.01,4,noDSL
53,5,0.1,0.01,5,noDSL
54,5,0.1,0.01,6,noDSL
55,5,0.1,0.01,7,noDSL
56,5,0.1,0.01,8,noDSL
57,5,0.1,0.01,9,noDSL
58,5,0.1,0.01,10,noDSL
59,5,0.1,0.01,11,noDSL
60,5,0.1,0.01,12,noDSL
61,5,0.1,0.01,13,noDSL
62,5,0.1,0.01,14,noDSL
63,5,0.1,0.01,15,noDSL
64,5,0.1,0.01,16,noDSL
65,5,0.1,0.01,17,noDSL
66,5,0.1,0.01,18,noDSL
67,5,0.1,0.01,19,noDSL
68,5,0.1,0.01,20,noDSL
69,5,0.1,0.01,21,noDSL
70,5,0.1,0.01,22,noDSL
71,5,0.1,0.01,23,noDSL
72,5,0.1,0.01,24,noDSL
73,5,0.1,0.01,25,noDSL
74,5,0.1,0.01,26,noDSL
75,5,0.1,0.01,27,noDSL
76,5,0.1,0.01,28,noDSL
77,5,0.1,0.01,29,noDSL
78,5,0.1,0.01,30,noDSL
79,5,0.1,0.01,31,noDSL
80,5,0.1,0.01,32,noDSL
81,5,0.1,0.01,33,noDSL
82,5,0.1,0.01,34,noDSL
83,5,0.1,0.01,35,noDSL
84,5,0.1,0.01,36,noDSL
85,5,0.1,0.01,37,noDSL
86,5,0.1,0.01,38,noDSL
87,5,0.1,0.01,39,noDSL
88,5,0.1,0.01,40,noDSL
89,5,0.1,0.01,41,noDSL
90,5,0.1,0.01,42,noDSL
91,5,0.1,0.01,43,noDSL
92,5,0.1,0.01,44,noDSL
93,5,0.1,0.01,45,noDSL
94,5,0.1,0.01,46,noDSL
95,5,0.1,0.01,47,noDSL
96,5,0.1,0.01,48,noDSL
97,5,0.1,0.01,49,noDSL
98,5,0.1,0.01,1,noConvention
99,5,0.1,0.01,2,noConvention
100,5,0.1,0.01,3,noConvention
101,5,0.1,0.01,4,noConvention
102,5,0.1,0.01,5,noConvention
103,5,0.1,0.01,6,noConvention
104,5,0.1,0.01,7,noConvention
105,5,0.1,0.01,8,noConvention
106,5,0.1,0.01,9,noConvention
107,5,0.1,0.01,10,noConvention
108,5,0.1,0.01,11,noConvention
109,5,0.1,0.01,12,noConvention
110,5,0.1,0.01,13,noConvention
111,5,0.1,0.01,14,noConvention
112,5,0.1,0.01,15,noConvention
113,5,0.1,0.01,16,noConvention
114,5,0.1,0.01,17,noConvention
115,5,0.1,0.01,18,noConvention
116,5,0.1,0.01,19,noConvention
117,5,0.1,0.01,20,noConvention
118,5,0.1,0.01,21,noConvention
119,5,0.1,0.01,22,noConvention
120,5,0.1,0.01,23,noConvention
121,5,0.1,0.01,24,noConvention
122,5,0.1,0.01,25,noConvention
123,5,0.1,0.01,26,noConvention
124,5,0.1,0.01,27,noConvention
125,5,0.1,0.01,28,noConvention
126,5,0.1,0.01,29,noConvention
127,5,0.1,0.01,30,noConvention
128,5,0.1,0.01,31,noConvention
129,5,0.1,0.01,32,noConvention
130,5,0.1,0.01,33,noConvention
131,5,0.1,0.01,34,noConvention
132,5,0.1,0.01,35,noConvention
133,5,0.1,0.01,36,noConvention
134,5,0.1,0.01,37,noConvention
135,5,0.1,0.01,38,noConvention
136,5,0.1,0.01,39,noConvention
137,5,0.1,0.01,40,noConvention
138,5,0.1,0.01,41,noConvention
139,5,0.1,0.01,42,noConvention
140,5,0.1,0.01,43,noConvention
141,5,0.1,0.01,44,noConvention
142,5,0.1,0.01,45,noConvention
143,5,0.1,0.01,46,noConvention
144,5,0.1,0.01,47,noConvention
145,5,0.1,0.01,48,noConvention
146,5,0.1,0.01,49,noConvention
147,5,0.1,0.025,1,full
148,5,0.1,0.025,2,full
149,5,0.1,0.025,3,full
150,5,0.1,0.025,4,full
151,5,0.1,0.025,5,full
152,5,0.1,0.025,6,full
153,5,0.1,0.025,7,full
154,5,0.1,0.025,8,full
155,5,0.1,0.025,9,full
156,5,0.1,0.025,10,full
157,5,0.1,0.025,11,full
158,5,0.1,0.025,12,full
159,5,0.1,0.025,13,full
160,5,0.1,0.025,14,full
161,5,0.1,0.025,15,full
162,5,0.1,0.025,16,full
163,5,0.1,0.025,17,full
164,5,0.1,0.025,18,full
165,5,0.1,0.025,19,full
166,5,0.1,0.025,20,full
167,5,0.1,0.025,21,full
168,5,0.1,0.025,22,full
169,5,0.1,0.025,23,full
170,5,0.1,0.025,24,full
171,5,0.1,0.025,25,full
172,5,0.1,0.025,26,full
173,5,0.1,0.025,27,full
174,5,0.1,0.025,28,full
175,5,0.1,0.025,29,full
176,5,0.1,0.025,30,full
177,5,0.1,0.025,31,full
178,5,0.1,0.025,32,full
179,5,0.1,0.025,33,full
180,5,0.1,0.025,34,full
181,5,0.1,0.025,35,full
182,5,0.1,0.025,36,full
183,5,0.1,0.025,37,full
184,5,0.1,0.025,38,full
185,5,0.1,0.025,39,full
186,5,0.1,0.025,40,full
187,5,0.1,0.025,41,full
188,5,0.1,0.025,42,full
189,5,0.1,0.025,43,full
190,5,0.1,0.025,44,full
191,5,0.1,0.025,45,full
192,5,0.1,0.025,46,full
193,5,0.1,0.025,47,full
194,5,0.1,0.025,48,full
195,5,0.1,0.025,49,full
196,5,0.1,0.025,1,noDSL
197,5,0.1,0.025,2,noDSL
198,5,0.1,0.025,3,noDSL
199,5,0.1,0.025,4,noDSL
200,5,0.1,0.025,5,noDSL
201,5,0.1,0.025,6,noDSL
202,5,0.1,0.025,7,noDSL
203,5,0.1,0.025,8,noDSL
204,5,0.1,0.025,9,noDSL
205,5,0.1,0.025,10,noDSL
206,5,0.1,0.025,11,noDSL
207,5,0.1,0.025,12,noDSL
208,5,0.1,0.025,13,noDSL
209,5,0.1,0.025,14,noDSL
210,5,0.1,0.025,15,noDSL
211,5,0.1,0.025,16,noDSL
212,5,0.1,0.025,17,noDSL
213,5,0.1,0.025,18,noDSL
214,5,0.1,0.025,19,noDSL
215,5,0.1,0.025,20,noDSL
216,5,0.1,0.025,21,noDSL
217,5,0.1,0.025,22,noDSL
218,5,0.1,0.025,23,noDSL
219,5,0.1,0.025,24,noDSL
220,5,0.1,0.025,25,noDSL
221,5,0.1,0.025,26,noDSL
222,5,0.1,0.025,27,noDSL
223,5,0.1,0.025,28,noDSL
224,5,0.1,0.025,29,noDSL
225,5,0.1,0.025,30,noDSL
226,5,0.1,0.025,31,noDSL
227,5,0.1,0.025,32,noDSL
228,5,0.1,0.025,33,noDSL
229,5,0.1,0.025,34,noDSL
230,5,0.1,0.025,35,noDSL
231,5,0.1,0.025,36,noDSL
232,5,0.1,0.025,37,noDSL
233,5,0.1,0.025,38,noDSL
234,5,0.1,0.025,39,noDSL
235,5,0.1,0.025,40,noDSL
236,5,0.1,0.025,41,noDSL
237,5,0.1,0.025,42,noDSL
238,5,0.1,0.025,43,noDSL
239,5,0.1,0.025,44,noDSL
240,5,0.1,0.025,45,noDSL
241,5,0.1,0.025,46,noDSL
242,5,0.1,0.025,47,noDSL
243,5,0.1,0.025,48,noDSL
244,5,0.1,0.025,49,noDSL
245,5,0.1,0.025,1,noConvention
246,5,0.1,0.025,2,noConvention
247,5,0.1,0.025,3,noConvention
248,5,0.1,0.025,4,noConvention
249,5,0.1,0.025,5,noConvention
250,5,0.1,0.025,6,noConvention
251,5,0.1,0.025,7,noConvention
252,5,0.1,0.025,8,noConvention
253,5,0.1,0.025,9,noConvention
254,5,0.1,0.025,10,noConvention
255,5,0.1,0.025,11,noConvention
256,5,0.1,0.025,12,noConvention
257,5,0.1,0.025,13,noConvention
258,5,0.1,0.025,14,noConvention
259,5,0.1,0.025,15,noConvention
260,5,0.1,0.025,16,noConvention
261,5,0.1,0.025,17,noConvention
262,5,0.1,0.025,18,noConvention
263,5,0.1,0.025,19,noConvention
264,5,0.1,0.025,20,noConvention
265,5,0.1,0.025,21,noConvention
266,5,0.1,0.025,22,noConvention
267,5,0.1,0.025,23,noConvention
268,5,0.1,0.025,24,noConvention
269,5,0.1,0.025,25,noConvention
270,5,0.1,0.025,26,noConvention
271,5,0.1,0.025,27,noConvention
272,5,0.1,0.025,28,noConvention
273,5,0.1,0.025,29,noConvention
274,5,0.1,0.025,30,noConvention
275,5,0.1,0.025,31,noConvention
276,5,0.1,0.025,32,noConvention
277,5,0.1,0.025,33,noConvention
278,5,0.1,0.025,34,noConvention
279,5,0.1,0.025,35,noConvention
280,5,0.1,0.025,36,noConvention
281,5,0.1,0.025,37,noConvention
282,5,0.1,0.025,38,noConvention
283,5,0.1,0.025,39,noConvention
284,5,0.1,0.025,40,noConvention
285,5,0.1,0.025,41,noConvention
286,5,0.1,0.025,42,noConvention
287,5,0.1,0.025,43,noConvention
288,5,0.1,0.025,44,noConvention
289,5,0.1,0.025,45,noConvention
290,5,0.1,0.025,46,noConvention
291,5,0.1,0.025,47,noConvention
292,5,0.1,0.025,48,noConvention
293,5,0.1,0.025,49,noConvention
294,5,0.1,0.075,1,full
295,5,0.1,0.075,2,full
296,5,0.1,0.075,3,full
297,5,0.1,0.075,4,full
298,5,0.1,0.075,5,full
299,5,0.1,0.075,6,full
300,5,0.1,0.075,7,full
301,5,0.1,0.075,8,full
302,5,0.1,0.075,9,full
303,5,0.1,0.075,10,full
304,5,0.1,0.075,11,full
305,5,0.1,0.075,12,full
306,5,0.1,0.075,13,full
307,5,0.1,0.075,14,full
308,5,0.1,0.075,15,full
309,5,0.1,0.075,16,full
310,5,0.1,0.075,17,full
311,5,0.1,0.075,18,full
312,5,0.1,0.075,19,full
313,5,0.1,0.075,20,full
314,5,0.1,0.075,21,full
315,5,0.1,0.075,22,full
316,5,0.1,0.075,23,full
317,5,0.1,0.075,24,full
318,5,0.1,0.075,25,full
319,5,0.1,0.075,26,full
320,5,0.1,0.075,27,full
321,5,0.1,0.075,28,full
322,5,0.1,0.075,29,full
323,5,0.1,0.075,30,full
324,5,0.1,0.075,31,full
325,5,0.1,0.075,32,full
326,5,0.1,0.075,33,full
327,5,0.1,0.075,34,full
328,5,0.1,0.075,35,full
329,5,0.1,0.075,36,full
330,5,0.1,0.075,37,full
331,5,0.1,0.075,38,full
332,5,0.1,0.075,39,full
333,5,0.1,0.075,40,full
334,5,0.1,0.075,41,full
335,5,0.1,0.075,42,full
336,5,0.1,0.075,43,full
337,5,0.1,0.075,44,full
338,5,0.1,0.075,45,full
339,5,0.1,0.075,46,full
340,5,0.1,0.075,47,full
341,5,0.1,0.075,48,full
342,5,0.1,0.075,49,full
343,5,0.1,0.075,1,noDSL
344,5,0.1,0.075,2,noDSL
345,5,0.1,0.075,3,noDSL
346,5,0.1,0.075,4,noDSL
347,5,0.1,0.075,5,noDSL
348,5,0.1,0.075,6,noDSL
349,5,0.1,0.075,7,noDSL
350,5,0.1,0.075,8,noDSL
351,5,0.1,0.075,9,noDSL
352,5,0.1,0.075,10,noDSL
353,5,0.1,0.075,11,noDSL
354,5,0.1,0.075,12,noDSL
355,5,0.1,0.075,13,noDSL
356,5,0.1,0.075,14,noDSL
357,5,0.1,0.075,15,noDSL
358,5,0.1,0.075,16,noDSL
359,5,0.1,0.075,17,noDSL
360,5,0.1,0.075,18,noDSL
361,5,0.1,0.075,19,noDSL
362,5,0.1,0.075,20,noDSL
363,5,0.1,0.075,21,noDSL
364,5,0.1,0.075,22,noDSL
365,5,0.1,0.075,23,noDSL
366,5,0.1,0.075,24,noDSL
367,5,0.1,0.075,25,noDSL
368,5,0.1,0.075,26,noDSL
369,5,0.1,0.075,27,noDSL
370,5,0.1,0.075,28,noDSL
371,5,0.1,0.075,29,noDSL
372,5,0.1,0.075,30,noDSL
373,5,0.1,0.075,31,noDSL
374,5,0.1,0.075,32,noDSL
375,5,0.1,0.075,33,noDSL
376,5,0.1,0.075,34,noDSL
377,5,0.1,0.075,35,noDSL
378,5,0.1,0.075,36,noDSL
379,5,0.1,0.075,37,noDSL
380,5,0.1,0.075,38,noDSL
381,5,0.1,0.075,39,noDSL
382,5,0.1,0.075,40,noDSL
383,5,0.1,0.075,41,noDSL
384,5,0.1,0.075,42,noDSL
385,5,0.1,0.075,43,noDSL
386,5,0.1,0.075,44,noDSL
387,5,0.1,0.075,45,noDSL
388,5,0.1,0.075,46,noDSL
389,5,0.1,0.075,47,noDSL
390,5,0.1,0.075,48,noDSL
391,5,0.1,0.075,49,noDSL
392,5,0.1,0.075,1,noConvention
393,5,0.1,0.075,2,noConvention
394,5,0.1,0.075,3,noConvention
395,5,0.1,0.075,4,noConvention
396,5,0.1,0.075,5,noConvention
397,5,0.1,0.075,6,noConvention
398,5,0.1,0.075,7,noConvention
399,5,0.1,0.075,8,noConvention
400,5,0.1,0.075,9,noConvention
401,5,0.1,0.075,10,noConvention
402,5,0.1,0.075,11,noConvention
403,5,0.1,0.075,12,noConvention
404,5,0.1,0.075,13,noConvention
405,5,0.1,0.075,14,noConvention
406,5,0.1,0.075,15,noConvention
407,5,0.1,0.075,16,noConvention
408,5,0.1,0.075,17,noConvention
409,5,0.1,0.075,18,noConvention
410,5,0.1,0.075,19,noConvention
411,5,0.1,0.075,20,noConvention
412,5,0.1,0.075,21,noConvention
413,5,0.1,0.075,22,noConvention
414,5,0.1,0.075,23,noConvention
415,5,0.1,0.075,24,noConvention
416,5,0.1,0.075,25,noConvention
417,5,0.1,0.075,26,noConvention
418,5,0.1,0.075,27,noConvention
419,5,0.1,0.075,28,noConvention
420,5,0.1,0.075,29,noConvention
421,5,0.1,0.075,30,noConvention
422,5,0.1,0.075,31,noConvention
423,5,0.1,0.075,32,noConvention
424,5,0.1,0.075,33,noConvention
425,5,0.1,0.075,34,noConvention
426,5,0.1,0.075,35,noConvention
427,5,0.1,0.075,36,noConvention
428,5,0.1,0.075,37,noConvention
429,5,0.1,0.075,38,noConvention
430,5,0.1,0.075,39,noConvention
431,5,0.1,0.075,40,noConvention
432,5,0.1,0.075,41,noConvention
433,5,0.1,0.075,42,noConvention
434,5,0.1,0.075,43,noConvention
435,5,0.1,0.075,44,noConvention
436,5,0.1,0.075,45,noConvention
437,5,0.1,0.075,46,noConvention
438,5,0.1,0.075,47,noConvention
439,5,0.1,0.075,48,noConvention
440,5,0.1,0.075,49,noConvention
441,5,0.1,0.1,1,full
442,5,0.1,0.1,2,full
443,5,0.1,0.1,3,full
444,5,0.1,0.1,4,full
445,5,0.1,0.1,5,full
446,5,0.1,0.1,6,full
447,5,0.1,0.1,7,full
448,5,0.1,0.1,8,full
449,5,0.1,0.1,9,full
450,5,0.1,0.1,10,full
451,5,0.1,0.1,11,full
452,5,0.1,0.1,12,full
453,5,0.1,0.1,13,full
454,5,0.1,0.1,14,full
455,5,0.1,0.1,15,full
456,5,0.1,0.1,16,full
457,5,0.1,0.1,17,full
458,5,0.1,0.1,18,full
459,5,0.1,0.1,19,full
460,5,0.1,0.1,20,full
461,5,0.1,0.1,21,full
462,5,0.1,0.1,22,full
463,5,0.1,0.1,23,full
464,5,0.1,0.1,24,full
465,5,0.1,0.1,25,full
466,5,0.1,0.1,26,full
467,5,0.1,0.1,27,full
468,5,0.1,0.1,28,full
469,5,0.1,0.1,29,full
470,5,0.1,0.1,30,full
471,5,0.1,0.1,31,full
472,5,0.1,0.1,32,full
473,5,0.1,0.1,33,full
474,5,0.1,0.1,34,full
475,5,0.1,0.1,35,full
476,5,0.1,0.1,36,full
477,5,0.1,0.1,37,full
478,5,0.1,0.1,38,full
479,5,0.1,0.1,39,full
480,5,0.1,0.1,40,full
481,5,0.1,0.1,41,full
482,5,0.1,0.1,42,full
483,5,0.1,0.1,43,full
484,5,0.1,0.1,44,full
485,5,0.1,0.1,45,full
486,5,0.1,0.1,46,full
487,5,0.1,0.1,47,full
488,5,0.1,0.1,48,full
489,5,0.1,0.1,49,full
490,5,0.1,0.1,1,noDSL
491,5,0.1,0.1,2,noDSL
492,5,0.1,0.1,3,noDSL
493,5,0.1,0.1,4,noDSL
494,5,0.1,0.1,5,noDSL
495,5,0.1,0.1,6,noDSL
496,5,0.1,0.1,7,noDSL
497,5,0.1,0.1,8,noDSL
498,5,0.1,0.1,9,noDSL
499,5,0.1,0.1,10,noDSL
500,5,0.1,0.1,11,noDSL
501,5,0.1,0.1,12,noDSL
502,5,0.1,0.1,13,noDSL
503,5,0.1,0.1,14,noDSL
504,5,0.1,0.1,15,noDSL
505,5,0.1,0.1,16,noDSL
506,5,0.1,0.1,17,noDSL
507,5,0.1,0.1,18,noDSL
508,5,0.1,0.1,19,noDSL
509,5,0.1,0.1,20,noDSL
510,5,0.1,0.1,21,noDSL
511,5,0.1,0.1,22,noDSL
512,5,0.1,0.1,23,noDSL
513,5,0.1,0.1,24,noDSL
514,5,0.1,0.1,25,noDSL
515,5,0.1,0.1,26,noDSL
516,5,0.1,0.1,27,noDSL
517,5,0.1,0.1,28,noDSL
518,5,0.1,0.1,29,noDSL
519,5,0.1,0.1,30,noDSL
520,5,0.1,0.1,31,noDSL
521,5,0.1,0.1,32,noDSL
522,5,0.1,0.1,33,noDSL
523,5,0.1,0.1,34,noDSL
524,5,0.1,0.1,35,noDSL
525,5,0.1,0.1,36,noDSL
526,5,0.1,0.1,37,noDSL
527,5,0.1,0.1,38,noDSL
528,5,0.1,0.1,39,noDSL
529,5,0.1,0.1,40,noDSL
530,5,0.1,0.1,41,noDSL
531,5,0.1,0.1,42,noDSL
532,5,0.1,0.1,43,noDSL
533,5,0.1,0.1,44,noDSL
534,5,0.1,0.1,45,noDSL
535,5,0.1,0.1,46,noDSL
536,5,0.1,0.1,47,noDSL
537,5,0.1,0.1,48,noDSL
538,5,0.1,0.1,49,noDSL
539,5,0.1,0.1,1,noConvention
540,5,0.1,0.1,2,noConvention
541,5,0.1,0.1,3,noConvention
542,5,0.1,0.1,4,noConvention
543,5,0.1,0.1,5,noConvention
544,5,0.1,0.1,6,noConvention
545,5,0.1,0.1,7,noConvention
546,5,0.1,0.1,8,noConvention
547,5,0.1,0.1,9,noConvention
548,5,0.1,0.1,10,noConvention
549,5,0.1,0.1,11,noConvention
550,5,0.1,0.1,12,noConvention
551,5,0.1,0.1,13,noConvention
552,5,0.1,0.1,14,noConvention
553,5,0.1,0.1,15,noConvention
554,5,0.1,0.1,16,noConvention
555,5,0.1,0.1,17,noConvention
556,5,0.1,0.1,18,noConvention
557,5,0.1,0.1,19,noConvention
558,5,0.1,0.1,20,noConvention
559,5,0.1,0.1,21,noConvention
560,5,0.1,0.1,22,noConvention
561,5,0.1,0.1,23,noConvention
562,5,0.1,0.1,24,noConvention
563,5,0.1,0.1,25,noConvention
564,5,0.1,0.1,26,noConvention
565,5,0.1,0.1,27,noConvention
566,5,0.1,0.1,28,noConvention
567,5,0.1,0.1,29,noConvention
568,5,0.1,0.1,30,noConvention
569,5,0.1,0.1,31,noConvention
570,5,0.1,0.1,32,noConvention
571,5,0.1,0.1,33,noConvention
572,5,0.1,0.1,34,noConvention
573,5,0.1,0.1,35,noConvention
574,5,0.1,0.1,36,noConvention
575,5,0.1,0.1,37,noConvention
576,5,0.1,0.1,38,noConvention
577,5,0.1,0.1,39,noConvention
578,5,0.1,0.1,40,noConvention
579,5,0.1,0.1,41,noConvention
580,5,0.1,0.1,42,noConvention
581,5,0.1,0.1,43,noConvention
582,5,0.1,0.1,44,noConvention
583,5,0.1,0.1,45,noConvention
584,5,0.1,0.1,46,noConvention
585,5,0.1,0.1,47,noConvention
586,5,0.1,0.1,48,noConvention
587,5,0.1,0.1,49,noConvention
588,5,0.2,0.01,1,full
589,5,0.2,0.01,2,full
590,5,0.2,0.01,3,full
591,5,0.2,0.01,4,full
592,5,0.2,0.01,5,full
593,5,0.2,0.01,6,full
594,5,0.2,0.01,7,full
595,5,0.2,0.01,8,full
596,5,0.2,0.01,9,full
597,5,0.2,0.01,10,full
598,5,0.2,0.01,11,full
599,5,0.2,0.01,12,full
600,5,0.2,0.01,13,full
601,5,0.2,0.01,14,full
602,5,0.2,0.01,15,full
603,5,0.2,0.01,16,full
604,5,0.2,0.01,17,full
605,5,0.2,0.01,18,full
606,5,0.2,0.01,19,full
607,5,0.2,0.01,20,full
608,5,0.2,0.01,21,full
609,5,0.2,0.01,22,full
610,5,0.2,0.01,23,full
611,5,0.2,0.01,24,full
612,5,0.2,0.01,25,full
613,5,0.2,0.01,26,full
614,5,0.2,0.01,27,full
615,5,0.2,0.01,28,full
616,5,0.2,0.01,29,full
617,5,0.2,0.01,30,full
618,5,0.2,0.01,31,full
619,5,0.2,0.01,32,full
620,5,0.2,0.01,33,full
621,5,0.2,0.01,34,full
622,5,0.2,0.01,35,full
623,5,0.2,0.01,36,full
624,5,0.2,0.01,37,full
625,5,0.2,0.01,38,full
626,5,0.2,0.01,39,full
627,5,0.2,0.01,40,full
628,5,0.2,0.01,41,full
629,5,0.2,0.01,42,full
630,5,0.2,0.01,43,full
631,5,0.2,0.01,44,full
632,5,0.2,0.01,45,full
633,5,0.2,0.01,46,full
634,5,0.2,0.01,47,full
635,5,0.2,0.01,48,full
636,5,0.2,0.01,49,full
637,5,0.2,0.01,1,noDSL
638,5,0.2,0.01,2,noDSL
639,5,0.2,0.01,3,noDSL
640,5,0.2,0.01,4,noDSL
641,5,0.2,0.01,5,noDSL
642,5,0.2,0.01,6,noDSL
643,5,0.2,0.01,7,noDSL
644,5,0.2,0.01,8,noDSL
645,5,0.2,0.01,9,noDSL
646,5,0.2,0.01,10,noDSL
647,5,0.2,0.01,11,noDSL
648,5,0.2,0.01,12,noDSL
649,5,0.2,0.01,13,noDSL
650,5,0.2,0.01,14,noDSL
651,5,0.2,0.01,15,noDSL
652,5,0.2,0.01,16,noDSL
653,5,0.2,0.01,17,noDSL
654,5,0.2,0.01,18,noDSL
655,5,0.2,0.01,19,noDSL
656,5,0.2,0.01,20,noDSL
657,5,0.2,0.01,21,noDSL
658,5,0.2,0.01,22,noDSL
659,5,0.2,0.01,23,noDSL
660,5,0.2,0.01,24,noDSL
661,5,0.2,0.01,25,noDSL
662,5,0.2,0.01,26,noDSL
663,5,0.2,0.01,27,noDSL
664,5,0.2,0.01,28,noDSL
665,5,0.2,0.01,29,noDSL
666,5,0.2,0.01,30,noDSL
667,5,0.2,0.01,31,noDSL
668,5,0.2,0.01,32,noDSL
669,5,0.2,0.01,33,noDSL
670,5,0.2,0.01,34,noDSL
671,5,0.2,0.01,35,noDSL
672,5,0.2,0.01,36,noDSL
673,5,0.2,0.01,37,noDSL
674,5,0.2,0.01,38,noDSL
675,5,0.2,0.01,39,noDSL
676,5,0.2,0.01,40,noDSL
677,5,0.2,0.01,41,noDSL
678,5,0.2,0.01,42,noDSL
679,5,0.2,0.01,43,noDSL
680,5,0.2,0.01,44,noDSL
681,5,0.2,0.01,45,noDSL
682,5,0.2,0.01,46,noDSL
683,5,0.2,0.01,47,noDSL
684,5,0.2,0.01,48,noDSL
685,5,0.2,0.01,49,noDSL
686,5,0.2,0.01,1,noConvention
687,5,0.2,0.01,2,noConvention
688,5,0.2,0.01,3,noConvention
689,5,0.2,0.01,4,noConvention
690,5,0.2,0.01,5,noConvention
691,5,0.2,0.01,6,noConvention
692,5,0.2,0.01,7,noConvention
693,5,0.2,0.01,8,noConvention
694,5,0.2,0.01,9,noConvention
695,5,0.2,0.01,10,noConvention
696,5,0.2,0.01,11,noConvention
697,5,0.2,0.01,12,noConvention
698,5,0.2,0.01,13,noConvention
699,5,0.2,0.01,14,noConvention
700,5,0.2,0.01,15,noConvention
701,5,0.2,0.01,16,noConvention
702,5,0.2,0.01,17,noConvention
703,5,0.2,0.01,18,noConvention
704,5,0.2,0.01,19,noConvention
705,5,0.2,0.01,20,noConvention
706,5,0.2,0.01,21,noConvention
707,5,0.2,0.01,22,noConvention
708,5,0.2,0.01,23,noConvention
709,5,0.2,0.01,24,noConvention
710,5,0.2,0.01,25,noConvention
711,5,0.2,0.01,26,noConvention
712,5,0.2,0.01,27,noConvention
713,5,0.2,0.01,28,noConvention
714,5,0.2,0.01,29,noConvention
715,5,0.2,0.01,30,noConvention
716,5,0.2,0.01,31,noConvention
717,5,0.2,0.01,32,noConvention
718,5,0.2,0.01,33,noConvention
719,5,0.2,0.01,34,noConvention
720,5,0.2,0.01,35,noConvention
721,5,0.2,0.01,36,noConvention
722,5,0.2,0.01,37,noConvention
723,5,0.2,0.01,38,noConvention
724,5,0.2,0.01,39,noConvention
725,5,0.2,0.01,40,noConvention
726,5,0.2,0.01,41,noConvention
727,5,0.2,0.01,42,noConvention
728,5,0.2,0.01,43,noConvention
729,5,0.2,0.01,44,noConvention
730,5,0.2,0.01,45,noConvention
731,5,0.2,0.01,46,noConvention
732,5,0.2,0.01,47,noConvention
733,5,0.2,0.01,48,noConvention
734,5,0.2,0.01,49,noConvention
735,5,0.2,0.025,1,full
736,5,0.2,0.025,2,full
737,5,0.2,0.025,3,full
738,5,0.2,0.025,4,full
739,5,0.2,0.025,5,full
740,5,0.2,0.025,6,full
741,5,0.2,0.025,7,full
742,5,0.2,0.025,8,full
743,5,0.2,0.025,9,full
744,5,0.2,0.025,10,full
745,5,0.2,0.025,11,full
746,5,0.2,0.025,12,full
747,5,0.2,0.025,13,full
748,5,0.2,0.025,14,full
749,5,0.2,0.025,15,full
750,5,0.2,0.025,16,full
751,5,0.2,0.025,17,full
752,5,0.2,0.025,18,full
753,5,0.2,0.025,19,full
754,5,0.2,0.025,20,full
755,5,0.2,0.025,21,full
756,5,0.2,0.025,22,full
757,5,0.2,0.025,23,full
758,5,0.2,0.025,24,full
759,5,0.2,0.025,25,full
760,5,0.2,0.025,26,full
761,5,0.2,0.025,27,full
762,5,0.2,0.025,28,full
763,5,0.2,0.025,29,full
764,5,0.2,0.025,30,full
765,5,0.2,0.025,31,full
766,5,0.2,0.025,32,full
767,5,0.2,0.025,33,full
768,5,0.2,0.025,34,full
769,5,0.2,0.025,35,full
770,5,0.2,0.025,36,full
771,5,0.2,0.025,37,full
772,5,0.2,0.025,38,full
773,5,0.2,0.025,39,full
774,5,0.2,0.025,40,full
775,5,0.2,0.025,41,full
776,5,0.2,0.025,42,full
777,5,0.2,0.025,43,full
778,5,0.2,0.025,44,full
779,5,0.2,0.025,45,full
780,5,0.2,0.025,46,full
781,5,0.2,0.025,47,full
782,5,0.2,0.025,48,full
783,5,0.2,0.025,49,full
784,5,0.2,0.025,1,noDSL
785,5,0.2,0.025,2,noDSL
786,5,0.2,0.025,3,noDSL
787,5,0.2,0.025,4,noDSL
788,5,0.2,0.025,5,noDSL
789,5,0.2,0.025,6,noDSL
790,5,0.2,0.025,7,noDSL
791,5,0.2,0.025,8,noDSL
792,5,0.2,0.025,9,noDSL
793,5,0.2,0.025,10,noDSL
794,5,0.2,0.025,11,noDSL
795,5,0.2,0.025,12,noDSL
796,5,0.2,0.025,13,noDSL
797,5,0.2,0.025,14,noDSL
798,5,0.2,0.025,15,noDSL
799,5,0.2,0.025,16,noDSL
800,5,0.2,0.025,17,noDSL
801,5,0.2,0.025,18,noDSL
802,5,0.2,0.025,19,noDSL
803,5,0.2,0.025,20,noDSL
804,5,0.2,0.025,21,noDSL
805,5,0.2,0.025,22,noDSL
806,5,0.2,0.025,23,noDSL
807,5,0.2,0.025,24,noDSL
808,5,0.2,0.025,25,noDSL
809,5,0.2,0.025,26,noDSL
810,5,0.2,0.025,27,noDSL
811,5,0.2,0.025,28,noDSL
812,5,0.2,0.025,29,noDSL
813,5,0.2,0.025,30,noDSL
814,5,0.2,0.025,31,noDSL
815,5,0.2,0.025,32,noDSL
816,5,0.2,0.025,33,noDSL
817,5,0.2,0.025,34,noDSL
818,5,0.2,0.025,35,noDSL
819,5,0.2,0.025,36,noDSL
820,5,0.2,0.025,37,noDSL
821,5,0.2,0.025,38,noDSL
822,5,0.2,0.025,39,noDSL
823,5,0.2,0.025,40,noDSL
824,5,0.2,0.025,41,noDSL
825,5,0.2,0.025,42,noDSL
826,5,0.2,0.025,43,noDSL
827,5,0.2,0.025,44,noDSL
828,5,0.2,0.025,45,noDSL
829,5,0.2,0.025,46,noDSL
830,5,0.2,0.025,47,noDSL
831,5,0.2,0.025,48,noDSL
832,5,0.2,0.025,49,noDSL
833,5,0.2,0.025,1,noConvention
834,5,0.2,0.025,2,noConvention
835,5,0.2,0.025,3,noConvention
836,5,0.2,0.025,4,noConvention
837,5,0.2,0.025,5,noConvention
838,5,0.2,0.025,6,noConvention
839,5,0.2,0.025,7,noConvention
840,5,0.2,0.025,8,noConvention
841,5,0.2,0.025,9,noConvention
842,5,0.2,0.025,10,noConvention
843,5,0.2,0.025,11,noConvention
844,5,0.2,0.025,12,noConvention
845,5,0.2,0.025,13,noConvention
846,5,0.2,0.025,14,noConvention
847,5,0.2,0.025,15,noConvention
848,5,0.2,0.025,16,noConvention
849,5,0.2,0.025,17,noConvention
850,5,0.2,0.025,18,noConvention
851,5,0.2,0.025,19,noConvention
852,5,0.2,0.025,20,noConvention
853,5,0.2,0.025,21,noConvention
854,5,0.2,0.025,22,noConvention
855,5,0.2,0.025,23,noConvention
856,5,0.2,0.025,24,noConvention
857,5,0.2,0.025,25,noConvention
858,5,0.2,0.025,26,noConvention
859,5,0.2,0.025,27,noConvention
860,5,0.2,0.025,28,noConvention
861,5,0.2,0.025,29,noConvention
862,5,0.2,0.025,30,noConvention
863,5,0.2,0.025,31,noConvention
864,5,0.2,0.025,32,noConvention
865,5,0.2,0.025,33,noConvention
866,5,0.2,0.025,34,noConvention
867,5,0.2,0.025,35,noConvention
868,5,0.2,0.025,36,noConvention
869,5,0.2,0.025,37,noConvention
870,5,0.2,0.025,38,noConvention
871,5,0.2,0.025,39,noConvention
872,5,0.2,0.025,40,noConvention
873,5,0.2,0.025,41,noConvention
874,5,0.2,0.025,42,noConvention
875,5,0.2,0.025,43,noConvention
876,5,0.2,0.025,44,noConvention
877,5,0.2,0.025,45,noConvention
878,5,0.2,0.025,46,noConvention
879,5,0.2,0.025,47,noConvention
880,5,0.2,0.025,48,noConvention
881,5,0.2,0.025,49,noConvention
882,5,0.2,0.075,1,full
883,5,0.2,0.075,2,full
884,5,0.2,0.075,3,full
885,5,0.2,0.075,4,full
886,5,0.2,0.075,5,full
887,5,0.2,0.075,6,full
888,5,0.2,0.075,7,full
889,5,0.2,0.075,8,full
890,5,0.2,0.075,9,full
891,5,0.2,0.075,10,full
892,5,0.2,0.075,11,full
893,5,0.2,0.075,12,full
894,5,0.2,0.075,13,full
895,5,0.2,0.075,14,full
896,5,0.2,0.075,15,full
897,5,0.2,0.075,16,full
898,5,0.2,0.075,17,full
899,5,0.2,0.075,18,full
900,5,0.2,0.075,19,full
901,5,0.2,0.075,20,full
902,5,0.2,0.075,21,full
903,5,0.2,0.075,22,full
904,5,0.2,0.075,23,full
905,5,0.2,0.075,24,full
906,5,0.2,0.075,25,full
907,5,0.2,0.075,26,full
908,5,0.2,0.075,27,full
909,5,0.2,0.075,28,full
910,5,0.2,0.075,29,full
911,5,0.2,0.075,30,full
912,5,0.2,0.075,31,full
913,5,0.2,0.075,32,full
914,5,0.2,0.075,33,full
915,5,0.2,0.075,34,full
916,5,0.2,0.075,35,full
917,5,0.2,0.075,36,full
918,5,0.2,0.075,37,full
919,5,0.2,0.075,38,full
920,5,0.2,0.075,39,full
921,5,0.2,0.075,40,full
922,5,0.2,0.075,41,full
923,5,0.2,0.075,42,full
924,5,0.2,0.075,43,full
925,5,0.2,0.075,44,full
926,5,0.2,0.075,45,full
927,5,0.2,0.075,46,full
928,5,0.2,0.075,47,full
929,5,0.2,0.075,48,full
930,5,0.2,0.075,49,full
931,5,0.2,0.075,1,noDSL
932,5,0.2,0.075,2,noDSL
933,5,0.2,0.075,3,noDSL
934,5,0.2,0.075,4,noDSL
935,5,0.2,0.075,5,noDSL
936,5,0.2,0.075,6,noDSL
937,5,0.2,0.075,7,noDSL
938,5,0.2,0.075,8,noDSL
939,5,0.2,0.075,9,noDSL
940,5,0.2,0.075,10,noDSL
941,5,0.2,0.075,11,noDSL
942,5,0.2,0.075,12,noDSL
943,5,0.2,0.075,13,noDSL
944,5,0.2,0.075,14,noDSL
945,5,0.2,0.075,15,noDSL
946,5,0.2,0.075,16,noDSL
947,5,0.2,0.075,17,noDSL
948,5,0.2,0.075,18,noDSL
949,5,0.2,0.075,19,noDSL
950,5,0.2,0.075,20,noDSL
951,5,0.2,0.075,21,noDSL
952,5,0.2,0.075,22,noDSL
953,5,0.2,0.075,23,noDSL
954,5,0.2,0.075,24,noDSL
955,5,0.2,0.075,25,noDSL
956,5,0.2,0.075,26,noDSL
957,5,0.2,0.075,27,noDSL
958,5,0.2,0.075,28,noDSL
959,5,0.2,0.075,29,noDSL
960,5,0.2,0.075,30,noDSL
961,5,0.2,0.075,31,noDSL
962,5,0.2,0.075,32,noDSL
963,5,0.2,0.075,33,noDSL
964,5,0.2,0.075,34,noDSL
965,5,0.2,0.075,35,noDSL
966,5,0.2,0.075,36,noDSL
967,5,0.2,0.075,37,noDSL
968,5,0.2,0.075,38,noDSL
969,5,0.2,0.075,39,noDSL
970,5,0.2,0.075,40,noDSL
971,5,0.2,0.075,41,noDSL
972,5,0.2,0.075,42,noDSL
973,5,0.2,0.075,43,noDSL
974,5,0.2,0.075,44,noDSL
975,5,0.2,0.075,45,noDSL
976,5,0.2,0.075,46,noDSL
977,5,0.2,0.075,47,noDSL
978,5,0.2,0.075,48,noDSL
979,5,0.2,0.075,49,noDSL
980,5,0.2,0.075,1,noConvention
981,5,0.2,0.075,2,noConvention
982,5,0.2,0.075,3,noConvention
983,5,0.2,0.075,4,noConvention
984,5,0.2,0.075,5,noConvention
985,5,0.2,0.075,6,noConvention
986,5,0.2,0.075,7,noConvention
987,5,0.2,0.075,8,noConvention
988,5,0.2,0.075,9,noConvention
989,5,0.2,0.075,10,noConvention
990,5,0.2,0.075,11,noConvention
991,5,0.2,0.075,12,noConvention
992,5,0.2,0.075,13,noConvention
993,5,0.2,0.075,14,noConvention
994,5,0.2,0.075,15,noConvention
995,5,0.2,0.075,16,noConvention
996,5,0.2,0.075,17,noConvention
997,5,0.2,0.075,18,noConvention
998,5,0.2,0.075,19,noConvention
999,5,0.2,0.075,20,noConvention
1000,5,0.2,0.075,21,noConvention
1001,5,0.2,0.075,22,noConvention
1002,5,0.2,0.075,23,noConvention
1003,5,0.2,0.075,24,noConvention
1004,5,0.2,0.075,25,noConvention
1005,5,0.2,0.075,26,noConvention
1006,5,0.2,0.075,27,noConvention
1007,5,0.2,0.075,28,noConvention
1008,5,0.2,0.075,29,noConvention
1009,5,0.2,0.075,30,noConvention
1010,5,0.2,0.075,31,noConvention
1011,5,0.2,0.075,32,noConvention
1012,5,0.2,0.075,33,noConvention
1013,5,0.2,0.075,34,noConvention
1014,5,0.2,0.075,35,noConvention
1015,5,0.2,0.075,36,noConvention
1016,5,0.2,0.075,37,noConvention
1017,5,0.2,0.075,38,noConvention
1018,5,0.2,0.075,39,noConvention
1019,5,0.2,0.075,40,noConvention
1020,5,0.2,0.075,41,noConvention
1021,5,0.2,0.075,42,noConvention
1022,5,0.2,0.075,43,noConvention
1023,5,0.2,0.075,44,noConvention
1024,5,0.2,0.075,45,noConvention
1025,5,0.2,0.075,46,noConvention
1026,5,0.2,0.075,47,noConvention
1027,5,0.2,0.075,48,noConvention
1028,5,0.2,0.075,49,noConvention
1029,5,0.2,0.1,1,full
1030,5,0.2,0.1,2,full
1031,5,0.2,0.1,3,full
1032,5,0.2,0.1,4,full
1033,5,0.2,0.1,5,full
1034,5,0.2,0.1,6,full
1035,5,0.2,0.1,7,full
1036,5,0.2,0.1,8,full
1037,5,0.2,0.1,9,full
1038,5,0.2,0.1,10,full
1039,5,0.2,0.1,11,full
1040,5,0.2,0.1,12,full
1041,5,0.2,0.1,13,full
1042,5,0.2,0.1,14,full
1043,5,0.2,0.1,15,full
1044,5,0.2,0.1,16,full
1045,5,0.2,0.1,17,full
1046,5,0.2,0.1,18,full
1047,5,0.2,0.1,19,full
1048,5,0.2,0.1,20,full
1049,5,0.2,0.1,21,full
1050,5,0.2,0.1,22,full
1051,5,0.2,0.1,23,full
1052,5,0.2,0.1,24,full
1053,5,0.2,0.1,25,full
1054,5,0.2,0.1,26,full
1055,5,0.2,0.1,27,full
1056,5,0.2,0.1,28,full
1057,5,0.2,0.1,29,full
1058,5,0.2,0.1,30,full
1059,5,0.2,0.1,31,full
1060,5,0.2,0.1,32,full
1061,5,0.2,0.1,33,full
1062,5,0.2,0.1,34,full
1063,5,0.2,0.1,35,full
1064,5,0.2,0.1,36,full
1065,5,0.2,0.1,37,full
1066,5,0.2,0.1,38,full
1067,5,0.2,0.1,39,full
1068,5,0.2,0.1,40,full
1069,5,0.2,0.1,41,full
1070,5,0.2,0.1,42,full
1071,5,0.2,0.1,43,full
1072,5,0.2,0.1,44,full
1073,5,0.2,0.1,45,full
1074,5,0.2,0.1,46,full
1075,5,0.2,0.1,47,full
1076,5,0.2,0.1,48,full
1077,5,0.2,0.1,49,full
1078,5,0.2,0.1,1,noDSL
1079,5,0.2,0.1,2,noDSL
1080,5,0.2,0.1,3,noDSL
1081,5,0.2,0.1,4,noDSL
1082,5,0.2,0.1,5,noDSL
1083,5,0.2,0.1,6,noDSL
1084,5,0.2,0.1,7,noDSL
1085,5,0.2,0.1,8,noDSL
1086,5,0.2,0.1,9,noDSL
1087,5,0.2,0.1,10,noDSL
1088,5,0.2,0.1,11,noDSL
1089,5,0.2,0.1,12,noDSL
1090,5,0.2,0.1,13,noDSL
1091,5,0.2,0.1,14,noDSL
1092,5,0.2,0.1,15,noDSL
1093,5,0.2,0.1,16,noDSL
1094,5,0.2,0.1,17,noDSL
1095,5,0.2,0.1,18,noDSL
1096,5,0.2,0.1,19,noDSL
1097,5,0.2,0.1,20,noDSL
1098,5,0.2,0.1,21,noDSL
1099,5,0.2,0.1,22,noDSL
1100,5,0.2,0.1,23,noDSL
1101,5,0.2,0.1,24,noDSL
1102,5,0.2,0.1,25,noDSL
1103,5,0.2,0.1,26,noDSL
1104,5,0.2,0.1,27,noDSL
1105,5,0.2,0.1,28,noDSL
1106,5,0.2,0.1,29,noDSL
1107,5,0.2,0.1,30,noDSL
1108,5,0.2,0.1,31,noDSL
1109,5,0.2,0.1,32,noDSL
1110,5,0.2,0.1,33,noDSL
1111,5,0.2,0.1,34,noDSL
1112,5,0.2,0.1,35,noDSL
1113,5,0.2,0.1,36,noDSL
1114,5,0.2,0.1,37,noDSL
1115,5,0.2,0.1,38,noDSL
1116,5,0.2,0.1,39,noDSL
1117,5,0.2,0.1,40,noDSL
1118,5,0.2,0.1,41,noDSL
1119,5,0.2,0.1,42,noDSL
1120,5,0.2,0.1,43,noDSL
1121,5,0.2,0.1,44,noDSL
1122,5,0.2,0.1,45,noDSL
1123,5,0.2,0.1,46,noDSL
1124,5,0.2,0.1,47,noDSL
1125,5,0.2,0.1,48,noDSL
1126,5,0.2,0.1,49,noDSL
1127,5,0.2,0.1,1,noConvention
1128,5,0.2,0.1,2,noConvention
1129,5,0.2,0.1,3,noConvention
1130,5,0.2,0.1,4,noConvention
1131,5,0.2,0.1,5,noConvention
1132,5,0.2,0.1,6,noConvention
1133,5,0.2,0.1,7,noConvention
1134,5,0.2,0.1,8,noConvention
1135,5,0.2,0.1,9,noConvention
1136,5,0.2,0.1,10,noConvention
1137,5,0.2,0.1,11,noConvention
1138,5,0.2,0.1,12,noConvention
1139,5,0.2,0.1,13,noConvention
1140,5,0.2,0.1,14,noConvention
1141,5,0.2,0.1,15,noConvention
1142,5,0.2,0.1,16,noConvention
1143,5,0.2,0.1,17,noConvention
1144,5,0.2,0.1,18,noConvention
1145,5,0.2,0.1,19,noConvention
1146,5,0.2,0.1,20,noConvention
1147,5,0.2,0.1,21,noConvention
1148,5,0.2,0.1,22,noConvention
1149,5,0.2,0.1,23,noConvention
1150,5,0.2,0.1,24,noConvention
1151,5,0.2,0.1,25,noConvention
1152,5,0.2,0.1,26,noConvention
1153,5,0.2,0.1,27,noConvention
1154,5,0.2,0.1,28,noConvention
1155,5,0.2,0.1,29,noConvention
1156,5,0.2,0.1,30,noConvention
1157,5,0.2,0.1,31,noConvention
1158,5,0.2,0.1,32,noConvention
1159,5,0.2,0.1,33,noConvention
1160,5,0.2,0.1,34,noConvention
1161,5,0.2,0.1,35,noConvention
1162,5,0.2,0.1,36,noConvention
1163,5,0.2,0.1,37,noConvention
1164,5,0.2,0.1,38,noConvention
1165,5,0.2,0.1,39,noConvention
1166,5,0.2,0.1,40,noConvention
1167,5,0.2,0.1,41,noConvention
1168,5,0.2,0.1,42,noConvention
1169,5,0.2,0.1,43,noConvention
1170,5,0.2,0.1,44,noConvention
1171,5,0.2,0.1,45,noConvention
1172,5,0.2,0.1,46,noConvention
1173,5,0.2,0.1,47,noConvention
1174,5,0.2,0.1,48,noConvention
1175,5,0.2,0.1,49,noConvention
1176,5,0.3,0.01,1,full
1177,5,0.3,0.01,2,full
1178,5,0.3,0.01,3,full
1179,5,0.3,0.01,4,full
1180,5,0.3,0.01,5,full
1181,5,0.3,0.01,6,full
1182,5,0.3,0.01,7,full
1183,5,0.3,0.01,8,full
1184,5,0.3,0.01,9,full
1185,5,0.3,0.01,10,full
1186,5,0.3,0.01,11,full
1187,5,0.3,0.01,12,full
1188,5,0.3,0.01,13,full
1189,5,0.3,0.01,14,full
1190,5,0.3,0.01,15,full
1191,5,0.3,0.01,16,full
1192,5,0.3,0.01,17,full
1193,5,0.3,0.01,18,full
1194,5,0.3,0.01,19,full
1195,5,0.3,0.01,20,full
1196,5,0.3,0.01,21,full
1197,5,0.3,0.01,22,full
1198,5,0.3,0.01,23,full
1199,5,0.3,0.01,24,full
1200,5,0.3,0.01,25,full
1201,5,0.3,0.01,26,full
1202,5,0.3,0.01,27,full
1203,5,0.3,0.01,28,full
1204,5,0.3,0.01,29,full
1205,5,0.3,0.01,30,full
1206,5,0.3,0.01,31,full
1207,5,0.3,0.01,32,full
1208,5,0.3,0.01,33,full
1209,5,0.3,0.01,34,full
1210,5,0.3,0.01,35,full
1211,5,0.3,0.01,36,full
1212,5,0.3,0.01,37,full
1213,5,0.3,0.01,38,full
1214,5,0.3,0.01,39,full
1215,5,0.3,0.01,40,full
1216,5,0.3,0.01,41,full
1217,5,0.3,0.01,42,full
1218,5,0.3,0.01,43,full
1219,5,0.3,0.01,44,full
1220,5,0.3,0.01,45,full
1221,5,0.3,0.01,46,full
1222,5,0.3,0.01,47,full
1223,5,0.3,0.01,48,full
1224,5,0.3,0.01,49,full
1225,5,0.3,0.01,1,noDSL
1226,5,0.3,0.01,2,noDSL
1227,5,0.3,0.01,3,noDSL
1228,5,0.3,0.01,4,noDSL
1229,5,0.3,0.01,5,noDSL
1230,5,0.3,0.01,6,noDSL
1231,5,0.3,0.01,7,noDSL
1232,5,0.3,0.01,8,noDSL
1233,5,0.3,0.01,9,noDSL
1234,5,0.3,0.01,10,noDSL
1235,5,0.3,0.01,11,noDSL
1236,5,0.3,0.01,12,noDSL
1237,5,0.3,0.01,13,noDSL
1238,5,0.3,0.01,14,noDSL
1239,5,0.3,0.01,15,noDSL
1240,5,0.3,0.01,16,noDSL
1241,5,0.3,0.01,17,noDSL
1242,5,0.3,0.01,18,noDSL
1243,5,0.3,0.01,19,noDSL
1244,5,0.3,0.01,20,noDSL
1245,5,0.3,0.01,21,noDSL
1246,5,0.3,0.01,22,noDSL
1247,5,0.3,0.01,23,noDSL
1248,5,0.3,0.01,24,noDSL
1249,5,0.3,0.01,25,noDSL
1250,5,0.3,0.01,26,noDSL
1251,5,0.3,0.01,27,noDSL
1252,5,0.3,0.01,28,noDSL
1253,5,0.3,0.01,29,noDSL
1254,5,0.3,0.01,30,noDSL
1255,5,0.3,0.01,31,noDSL
1256,5,0.3,0.01,32,noDSL
1257,5,0.3,0.01,33,noDSL
1258,5,0.3,0.01,34,noDSL
1259,5,0.3,0.01,35,noDSL
1260,5,0.3,0.01,36,noDSL
1261,5,0.3,0.01,37,noDSL
1262,5,0.3,0.01,38,noDSL
1263,5,0.3,0.01,39,noDSL
1264,5,0.3,0.01,40,noDSL
1265,5,0.3,0.01,41,noDSL
1266,5,0.3,0.01,42,noDSL
1267,5,0.3,0.01,43,noDSL
1268,5,0.3,0.01,44,noDSL
1269,5,0.3,0.01,45,noDSL
1270,5,0.3,0.01,46,noDSL
1271,5,0.3,0.01,47,noDSL
1272,5,0.3,0.01,48,noDSL
1273,5,0.3,0.01,49,noDSL
1274,5,0.3,0.01,1,noConvention
1275,5,0.3,0.01,2,noConvention
1276,5,0.3,0.01,3,noConvention
1277,5,0.3,0.01,4,noConvention
1278,5,0.3,0.01,5,noConvention
1279,5,0.3,0.01,6,noConvention
1280,5,0.3,0.01,7,noConvention
1281,5,0.3,0.01,8,noConvention
1282,5,0.3,0.01,9,noConvention
1283,5,0.3,0.01,10,noConvention
1284,5,0.3,0.01,11,noConvention
1285,5,0.3,0.01,12,noConvention
1286,5,0.3,0.01,13,noConvention
1287,5,0.3,0.01,14,noConvention
1288,5,0.3,0.01,15,noConvention
1289,5,0.3,0.01,16,noConvention
1290,5,0.3,0.01,17,noConvention
1291,5,0.3,0.01,18,noConvention
1292,5,0.3,0.01,19,noConvention
1293,5,0.3,0.01,20,noConvention
1294,5,0.3,0.01,21,noConvention
1295,5,0.3,0.01,22,noConvention
1296,5,0.3,0.01,23,noConvention
1297,5,0.3,0.01,24,noConvention
1298,5,0.3,0.01,25,noConvention
1299,5,0.3,0.01,26,noConvention
1300,5,0.3,0.01,27,noConvention
1301,5,0.3,0.01,28,noConvention
1302,5,0.3,0.01,29,noConvention
1303,5,0.3,0.01,30,noConvention
1304,5,0.3,0.01,31,noConvention
1305,5,0.3,0.01,32,noConvention
1306,5,0.3,0.01,33,noConvention
1307,5,0.3,0.01,34,noConvention
1308,5,0.3,0.01,35,noConvention
1309,5,0.3,0.01,36,noConvention
1310,5,0.3,0.01,37,noConvention
1311,5,0.3,0.01,38,noConvention
1312,5,0.3,0.01,39,noConvention
1313,5,0.3,0.01,40,noConvention
1314,5,0.3,0.01,41,noConvention
1315,5,0.3,0.01,42,noConvention
1316,5,0.3,0.01,43,noConvention
1317,5,0.3,0.01,44,noConvention
1318,5,0.3,0.01,45,noConvention
1319,5,0.3,0.01,46,noConvention
1320,5,0.3,0.01,47,noConvention
1321,5,0.3,0.01,48,noConvention
1322,5,0.3,0.01,49,noConvention
1323,5,0.3,0.025,1,full
1324,5,0.3,0.025,2,full
1325,5,0.3,0.025,3,full
1326,5,0.3,0.025,4,full
1327,5,0.3,0.025,5,full
1328,5,0.3,0.025,6,full
1329,5,0.3,0.025,7,full
1330,5,0.3,0.025,8,full
1331,5,0.3,0.025,9,full
1332,5,0.3,0.025,10,full
1333,5,0.3,0.025,11,full
1334,5,0.3,0.025,12,full
1335,5,0.3,0.025,13,full
1336,5,0.3,0.025,14,full
1337,5,0.3,0.025,15,full
1338,5,0.3,0.025,16,full
1339,5,0.3,0.025,17,full
1340,5,0.3,0.025,18,full
1341,5,0.3,0.025,19,full
1342,5,0.3,0.025,20,full
1343,5,0.3,0.025,21,full
1344,5,0.3,0.025,22,full
1345,5,0.3,0.025,23,full
1346,5,0.3,0.025,24,full
1347,5,0.3,0.025,25,full
1348,5,0.3,0.025,26,full
1349,5,0.3,0.025,27,full
1350,5,0.3,0.025,28,full
1351,5,0.3,0.025,29,full
1352,5,0.3,0.025,30,full
1353,5,0.3,0.025,31,full
1354,5,0.3,0.025,32,full
1355,5,0.3,0.025,33,full
1356,5,0.3,0.025,34,full
1357,5,0.3,0.025,35,full
1358,5,0.3,0.025,36,full
1359,5,0.3,0.025,37,full
1360,5,0.3,0.025,38,full
1361,5,0.3,0.025,39,full
1362,5,0.3,0.025,40,full
1363,5,0.3,0.025,41,full
1364,5,0.3,0.025,42,full
1365,5,0.3,0.025,43,full
1366,5,0.3,0.025,44,full
1367,5,0.3,0.025,45,full
1368,5,0.3,0.025,46,full
1369,5,0.3,0.025,47,full
1370,5,0.3,0.025,48,full
1371,5,0.3,0.025,49,full
1372,5,0.3,0.025,1,noDSL
1373,5,0.3,0.025,2,noDSL
1374,5,0.3,0.025,3,noDSL
1375,5,0.3,0.025,4,noDSL
1376,5,0.3,0.025,5,noDSL
1377,5,0.3,0.025,6,noDSL
1378,5,0.3,0.025,7,noDSL
1379,5,0.3,0.025,8,noDSL
1380,5,0.3,0.025,9,noDSL
1381,5,0.3,0.025,10,noDSL
1382,5,0.3,0.025,11,noDSL
1383,5,0.3,0.025,12,noDSL
1384,5,0.3,0.025,13,noDSL
1385,5,0.3,0.025,14,noDSL
1386,5,0.3,0.025,15,noDSL
1387,5,0.3,0.025,16,noDSL
1388,5,0.3,0.025,17,noDSL
1389,5,0.3,0.025,18,noDSL
1390,5,0.3,0.025,19,noDSL
1391,5,0.3,0.025,20,noDSL
1392,5,0.3,0.025,21,noDSL
1393,5,0.3,0.025,22,noDSL
1394,5,0.3,0.025,23,noDSL
1395,5,0.3,0.025,24,noDSL
1396,5,0.3,0.025,25,noDSL
1397,5,0.3,0.025,26,noDSL
1398,5,0.3,0.025,27,noDSL
1399,5,0.3,0.025,28,noDSL
1400,5,0.3,0.025,29,noDSL
1401,5,0.3,0.025,30,noDSL
1402,5,0.3,0.025,31,noDSL
1403,5,0.3,0.025,32,noDSL
1404,5,0.3,0.025,33,noDSL
1405,5,0.3,0.025,34,noDSL
1406,5,0.3,0.025,35,noDSL
1407,5,0.3,0.025,36,noDSL
1408,5,0.3,0.025,37,noDSL
1409,5,0.3,0.025,38,noDSL
1410,5,0.3,0.025,39,noDSL
1411,5,0.3,0.025,40,noDSL
1412,5,0.3,0.025,41,noDSL
1413,5,0.3,0.025,42,noDSL
1414,5,0.3,0.025,43,noDSL
1415,5,0.3,0.025,44,noDSL
1416,5,0.3,0.025,45,noDSL
1417,5,0.3,0.025,46,noDSL
1418,5,0.3,0.025,47,noDSL
1419,5,0.3,0.025,48,noDSL
1420,5,0.3,0.025,49,noDSL
1421,5,0.3,0.025,1,noConvention
1422,5,0.3,0.025,2,noConvention
1423,5,0.3,0.025,3,noConvention
1424,5,0.3,0.025,4,noConvention
1425,5,0.3,0.025,5,noConvention
1426,5,0.3,0.025,6,noConvention
1427,5,0.3,0.025,7,noConvention
1428,5,0.3,0.025,8,noConvention
1429,5,0.3,0.025,9,noConvention
1430,5,0.3,0.025,10,noConvention
1431,5,0.3,0.025,11,noConvention
1432,5,0.3,0.025,12,noConvention
1433,5,0.3,0.025,13,noConvention
1434,5,0.3,0.025,14,noConvention
1435,5,0.3,0.025,15,noConvention
1436,5,0.3,0.025,16,noConvention
1437,5,0.3,0.025,17,noConvention
1438,5,0.3,0.025,18,noConvention
1439,5,0.3,0.025,19,noConvention
1440,5,0.3,0.025,20,noConvention
1441,5,0.3,0.025,21,noConvention
1442,5,0.3,0.025,22,noConvention
1443,5,0.3,0.025,23,noConvention
1444,5,0.3,0.025,24,noConvention
1445,5,0.3,0.025,25,noConvention
1446,5,0.3,0.025,26,noConvention
1447,5,0.3,0.025,27,noConvention
1448,5,0.3,0.025,28,noConvention
1449,5,0.3,0.025,29,noConvention
1450,5,0.3,0.025,30,noConvention
1451,5,0.3,0.025,31,noConvention
1452,5,0.3,0.025,32,noConvention
1453,5,0.3,0.025,33,noConvention
1454,5,0.3,0.025,34,noConvention
1455,5,0.3,0.025,35,noConvention
1456,5,0.3,0.025,36,noConvention
1457,5,0.3,0.025,37,noConvention
1458,5,0.3,0.025,38,noConvention
1459,5,0.3,0.025,39,noConvention
1460,5,0.3,0.025,40,noConvention
1461,5,0.3,0.025,41,noConvention
1462,5,0.3,0.025,42,noConvention
1463,5,0.3,0.025,43,noConvention
1464,5,0.3,0.025,44,noConvention
1465,5,0.3,0.025,45,noConvention
1466,5,0.3,0.025,46,noConvention
1467,5,0.3,0.025,47,noConvention
1468,5,0.3,0.025,48,noConvention
1469,5,0.3,0.025,49,noConvention
1470,5,0.3,0.075,1,full
1471,5,0.3,0.075,2,full
1472,5,0.3,0.075,3,full
1473,5,0.3,0.075,4,full
1474,5,0.3,0.075,5,full
1475,5,0.3,0.075,6,full
1476,5,0.3,0.075,7,full
1477,5,0.3,0.075,8,full
1478,5,0.3,0.075,9,full
1479,5,0.3,0.075,10,full
1480,5,0.3,0.075,11,full
1481,5,0.3,0.075,12,full
1482,5,0.3,0.075,13,full
1483,5,0.3,0.075,14,full
1484,5,0.3,0.075,15,full
1485,5,0.3,0.075,16,full
1486,5,0.3,0.075,17,full
1487,5,0.3,0.075,18,full
1488,5,0.3,0.075,19,full
1489,5,0.3,0.075,20,full
1490,5,0.3,0.075,21,full
1491,5,0.3,0.075,22,full
1492,5,0.3,0.075,23,full
1493,5,0.3,0.075,24,full
1494,5,0.3,0.075,25,full
1495,5,0.3,0.075,26,full
1496,5,0.3,0.075,27,full
1497,5,0.3,0.075,28,full
1498,5,0.3,0.075,29,full
1499,5,0.3,0.075,30,full
1500,5,0.3,0.075,31,full
1501,5,0.3,0.075,32,full
1502,5,0.3,0.075,33,full
1503,5,0.3,0.075,34,full
1504,5,0.3,0.075,35,full
1505,5,0.3,0.075,36,full
1506,5,0.3,0.075,37,full
1507,5,0.3,0.075,38,full
1508,5,0.3,0.075,39,full
1509,5,0.3,0.075,40,full
1510,5,0.3,0.075,41,full
1511,5,0.3,0.075,42,full
1512,5,0.3,0.075,43,full
1513,5,0.3,0.075,44,full
1514,5,0.3,0.075,45,full
1515,5,0.3,0.075,46,full
1516,5,0.3,0.075,47,full
1517,5,0.3,0.075,48,full
1518,5,0.3,0.075,49,full
1519,5,0.3,0.075,1,noDSL
1520,5,0.3,0.075,2,noDSL
1521,5,0.3,0.075,3,noDSL
1522,5,0.3,0.075,4,noDSL
1523,5,0.3,0.075,5,noDSL
1524,5,0.3,0.075,6,noDSL
1525,5,0.3,0.075,7,noDSL
1526,5,0.3,0.075,8,noDSL
1527,5,0.3,0.075,9,noDSL
1528,5,0.3,0.075,10,noDSL
1529,5,0.3,0.075,11,noDSL
1530,5,0.3,0.075,12,noDSL
1531,5,0.3,0.075,13,noDSL
1532,5,0.3,0.075,14,noDSL
1533,5,0.3,0.075,15,noDSL
1534,5,0.3,0.075,16,noDSL
1535,5,0.3,0.075,17,noDSL
1536,5,0.3,0.075,18,noDSL
1537,5,0.3,0.075,19,noDSL
1538,5,0.3,0.075,20,noDSL
1539,5,0.3,0.075,21,noDSL
1540,5,0.3,0.075,22,noDSL
1541,5,0.3,0.075,23,noDSL
1542,5,0.3,0.075,24,noDSL
1543,5,0.3,0.075,25,noDSL
1544,5,0.3,0.075,26,noDSL
1545,5,0.3,0.075,27,noDSL
1546,5,0.3,0.075,28,noDSL
1547,5,0.3,0.075,29,noDSL
1548,5,0.3,0.075,30,noDSL
1549,5,0.3,0.075,31,noDSL
1550,5,0.3,0.075,32,noDSL
1551,5,0.3,0.075,33,noDSL
1552,5,0.3,0.075,34,noDSL
1553,5,0.3,0.075,35,noDSL
1554,5,0.3,0.075,36,noDSL
1555,5,0.3,0.075,37,noDSL
1556,5,0.3,0.075,38,noDSL
1557,5,0.3,0.075,39,noDSL
1558,5,0.3,0.075,40,noDSL
1559,5,0.3,0.075,41,noDSL
1560,5,0.3,0.075,42,noDSL
1561,5,0.3,0.075,43,noDSL
1562,5,0.3,0.075,44,noDSL
1563,5,0.3,0.075,45,noDSL
1564,5,0.3,0.075,46,noDSL
1565,5,0.3,0.075,47,noDSL
1566,5,0.3,0.075,48,noDSL
1567,5,0.3,0.075,49,noDSL
1568,5,0.3,0.075,1,noConvention
1569,5,0.3,0.075,2,noConvention
1570,5,0.3,0.075,3,noConvention
1571,5,0.3,0.075,4,noConvention
1572,5,0.3,0.075,5,noConvention
1573,5,0.3,0.075,6,noConvention
1574,5,0.3,0.075,7,noConvention
1575,5,0.3,0.075,8,noConvention
1576,5,0.3,0.075,9,noConvention
1577,5,0.3,0.075,10,noConvention
1578,5,0.3,0.075,11,noConvention
1579,5,0.3,0.075,12,noConvention
1580,5,0.3,0.075,13,noConvention
1581,5,0.3,0.075,14,noConvention
1582,5,0.3,0.075,15,noConvention
1583,5,0.3,0.075,16,noConvention
1584,5,0.3,0.075,17,noConvention
1585,5,0.3,0.075,18,noConvention
1586,5,0.3,0.075,19,noConvention
1587,5,0.3,0.075,20,noConvention
1588,5,0.3,0.075,21,noConvention
1589,5,0.3,0.075,22,noConvention
1590,5,0.3,0.075,23,noConvention
1591,5,0.3,0.075,24,noConvention
1592,5,0.3,0.075,25,noConvention
1593,5,0.3,0.075,26,noConvention
1594,5,0.3,0.075,27,noConvention
1595,5,0.3,0.075,28,noConvention
1596,5,0.3,0.075,29,noConvention
1597,5,0.3,0.075,30,noConvention
1598,5,0.3,0.075,31,noConvention
1599,5,0.3,0.075,32,noConvention
1600,5,0.3,0.075,33,noConvention
1601,5,0.3,0.075,34,noConvention
1602,5,0.3,0.075,35,noConvention
1603,5,0.3,0.075,36,noConvention
1604,5,0.3,0.075,37,noConvention
1605,5,0.3,0.075,38,noConvention
1606,5,0.3,0.075,39,noConvention
1607,5,0.3,0.075,40,noConvention
1608,5,0.3,0.075,41,noConvention
1609,5,0.3,0.075,42,noConvention
1610,5,0.3,0.075,43,noConvention
1611,5,0.3,0.075,44,noConvention
1612,5,0.3,0.075,45,noConvention
1613,5,0.3,0.075,46,noConvention
1614,5,0.3,0.075,47,noConvention
1615,5,0.3,0.075,48,noConvention
1616,5,0.3,0.075,49,noConvention
1617,5,0.3,0.1,1,full
1618,5,0.3,0.1,2,full
1619,5,0.3,0.1,3,full
1620,5,0.3,0.1,4,full
1621,5,0.3,0.1,5,full
1622,5,0.3,0.1,6,full
1623,5,0.3,0.1,7,full
1624,5,0.3,0.1,8,full
1625,5,0.3,0.1,9,full
1626,5,0.3,0.1,10,full
1627,5,0.3,0.1,11,full
1628,5,0.3,0.1,12,full
1629,5,0.3,0.1,13,full
1630,5,0.3,0.1,14,full
1631,5,0.3,0.1,15,full
1632,5,0.3,0.1,16,full
1633,5,0.3,0.1,17,full
1634,5,0.3,0.1,18,full
1635,5,0.3,0.1,19,full
1636,5,0.3,0.1,20,full
1637,5,0.3,0.1,21,full
1638,5,0.3,0.1,22,full
1639,5,0.3,0.1,23,full
1640,5,0.3,0.1,24,full
1641,5,0.3,0.1,25,full
1642,5,0.3,0.1,26,full
1643,5,0.3,0.1,27,full
1644,5,0.3,0.1,28,full
1645,5,0.3,0.1,29,full
1646,5,0.3,0.1,30,full
1647,5,0.3,0.1,31,full
1648,5,0.3,0.1,32,full
1649,5,0.3,0.1,33,full
1650,5,0.3,0.1,34,full
1651,5,0.3,0.1,35,full
1652,5,0.3,0.1,36,full
1653,5,0.3,0.1,37,full
1654,5,0.3,0.1,38,full
1655,5,0.3,0.1,39,full
1656,5,0.3,0.1,40,full
1657,5,0.3,0.1,41,full
1658,5,0.3,0.1,42,full
1659,5,0.3,0.1,43,full
1660,5,0.3,0.1,44,full
1661,5,0.3,0.1,45,full
1662,5,0.3,0.1,46,full
1663,5,0.3,0.1,47,full
1664,5,0.3,0.1,48,full
1665,5,0.3,0.1,49,full
1666,5,0.3,0.1,1,noDSL
1667,5,0.3,0.1,2,noDSL
1668,5,0.3,0.1,3,noDSL
1669,5,0.3,0.1,4,noDSL
1670,5,0.3,0.1,5,noDSL
1671,5,0.3,0.1,6,noDSL
1672,5,0.3,0.1,7,noDSL
1673,5,0.3,0.1,8,noDSL
1674,5,0.3,0.1,9,noDSL
1675,5,0.3,0.1,10,noDSL
1676,5,0.3,0.1,11,noDSL
1677,5,0.3,0.1,12,noDSL
1678,5,0.3,0.1,13,noDSL
1679,5,0.3,0.1,14,noDSL
1680,5,0.3,0.1,15,noDSL
1681,5,0.3,0.1,16,noDSL
1682,5,0.3,0.1,17,noDSL
1683,5,0.3,0.1,18,noDSL
1684,5,0.3,0.1,19,noDSL
1685,5,0.3,0.1,20,noDSL
1686,5,0.3,0.1,21,noDSL
1687,5,0.3,0.1,22,noDSL
1688,5,0.3,0.1,23,noDSL
1689,5,0.3,0.1,24,noDSL
1690,5,0.3,0.1,25,noDSL
1691,5,0.3,0.1,26,noDSL
1692,5,0.3,0.1,27,noDSL
1693,5,0.3,0.1,28,noDSL
1694,5,0.3,0.1,29,noDSL
1695,5,0.3,0.1,30,noDSL
1696,5,0.3,0.1,31,noDSL
1697,5,0.3,0.1,32,noDSL
1698,5,0.3,0.1,33,noDSL
1699,5,0.3,0.1,34,noDSL
1700,5,0.3,0.1,35,noDSL
1701,5,0.3,0.1,36,noDSL
1702,5,0.3,0.1,37,noDSL
1703,5,0.3,0.1,38,noDSL
1704,5,0.3,0.1,39,noDSL
1705,5,0.3,0.1,40,noDSL
1706,5,0.3,0.1,41,noDSL
1707,5,0.3,0.1,42,noDSL
1708,5,0.3,0.1,43,noDSL
1709,5,0.3,0.1,44,noDSL
1710,5,0.3,0.1,45,noDSL
1711,5,0.3,0.1,46,noDSL
1712,5,0.3,0.1,47,noDSL
1713,5,0.3,0.1,48,noDSL
1714,5,0.3,0.1,49,noDSL
1715,5,0.3,0.1,1,noConvention
1716,5,0.3,0.1,2,noConvention
1717,5,0.3,0.1,3,noConvention
1718,5,0.3,0.1,4,noConvention
1719,5,0.3,0.1,5,noConvention
1720,5,0.3,0.1,6,noConvention
1721,5,0.3,0.1,7,noConvention
1722,5,0.3,0.1,8,noConvention
1723,5,0.3,0.1,9,noConvention
1724,5,0.3,0.1,10,noConvention
1725,5,0.3,0.1,11,noConvention
1726,5,0.3,0.1,12,noConvention
1727,5,0.3,0.1,13,noConvention
1728,5,0.3,0.1,14,noConvention
1729,5,0.3,0.1,15,noConvention
1730,5,0.3,0.1,16,noConvention
1731,5,0.3,0.1,17,noConvention
1732,5,0.3,0.1,18,noConvention
1733,5,0.3,0.1,19,noConvention
1734,5,0.3,0.1,20,noConvention
1735,5,0.3,0.1,21,noConvention
1736,5,0.3,0.1,22,noConvention
1737,5,0.3,0.1,23,noConvention
1738,5,0.3,0.1,24,noConvention
1739,5,0.3,0.1,25,noConvention
1740,5,0.3,0.1,26,noConvention
1741,5,0.3,0.1,27,noConvention
1742,5,0.3,0.1,28,noConvention
1743,5,0.3,0.1,29,noConvention
1744,5,0.3,0.1,30,noConvention
1745,5,0.3,0.1,31,noConvention
1746,5,0.3,0.1,32,noConvention
1747,5,0.3,0.1,33,noConvention
1748,5,0.3,0.1,34,noConvention
1749,5,0.3,0.1,35,noConvention
1750,5,0.3,0.1,36,noConvention
1751,5,0.3,0.1,37,noConvention
1752,5,0.3,0.1,38,noConvention
1753,5,0.3,0.1,39,noConvention
1754,5,0.3,0.1,40,noConvention
1755,5,0.3,0.1,41,noConvention
1756,5,0.3,0.1,42,noConvention
1757,5,0.3,0.1,43,noConvention
1758,5,0.3,0.1,44,noConvention
1759,5,0.3,0.1,45,noConvention
1760,5,0.3,0.1,46,noConvention
1761,5,0.3,0.1,47,noConvention
1762,5,0.3,0.1,48,noConvention
1763,5,0.3,0.1,49,noConvention
1764,5,0.4,0.01,1,full
1765,5,0.4,0.01,2,full
1766,5,0.4,0.01,3,full
1767,5,0.4,0.01,4,full
1768,5,0.4,0.01,5,full
1769,5,0.4,0.01,6,full
1770,5,0.4,0.01,7,full
1771,5,0.4,0.01,8,full
1772,5,0.4,0.01,9,full
1773,5,0.4,0.01,10,full
1774,5,0.4,0.01,11,full
1775,5,0.4,0.01,12,full
1776,5,0.4,0.01,13,full
1777,5,0.4,0.01,14,full
1778,5,0.4,0.01,15,full
1779,5,0.4,0.01,16,full
1780,5,0.4,0.01,17,full
1781,5,0.4,0.01,18,full
1782,5,0.4,0.01,19,full
1783,5,0.4,0.01,20,full
1784,5,0.4,0.01,21,full
1785,5,0.4,0.01,22,full
1786,5,0.4,0.01,23,full
1787,5,0.4,0.01,24,full
1788,5,0.4,0.01,25,full
1789,5,0.4,0.01,26,full
1790,5,0.4,0.01,27,full
1791,5,0.4,0.01,28,full
1792,5,0.4,0.01,29,full
1793,5,0.4,0.01,30,full
1794,5,0.4,0.01,31,full
1795,5,0.4,0.01,32,full
1796,5,0.4,0.01,33,full
1797,5,0.4,0.01,34,full
1798,5,0.4,0.01,35,full
1799,5,0.4,0.01,36,full
1800,5,0.4,0.01,37,full
1801,5,0.4,0.01,38,full
1802,5,0.4,0.01,39,full
1803,5,0.4,0.01,40,full
1804,5,0.4,0.01,41,full
1805,5,0.4,0.01,42,full
1806,5,0.4,0.01,43,full
1807,5,0.4,0.01,44,full
1808,5,0.4,0.01,45,full
1809,5,0.4,0.01,46,full
1810,5,0.4,0.01,47,full
1811,5,0.4,0.01,48,full
1812,5,0.4,0.01,49,full
1813,5,0.4,0.01,1,noDSL
1814,5,0.4,0.01,2,noDSL
1815,5,0.4,0.01,3,noDSL
1816,5,0.4,0.01,4,noDSL
1817,5,0.4,0.01,5,noDSL
1818,5,0.4,0.01,6,noDSL
1819,5,0.4,0.01,7,noDSL
1820,5,0.4,0.01,8,noDSL
1821,5,0.4,0.01,9,noDSL
1822,5,0.4,0.01,10,noDSL
1823,5,0.4,0.01,11,noDSL
1824,5,0.4,0.01,12,noDSL
1825,5,0.4,0.01,13,noDSL
1826,5,0.4,0.01,14,noDSL
1827,5,0.4,0.01,15,noDSL
1828,5,0.4,0.01,16,noDSL
1829,5,0.4,0.01,17,noDSL
1830,5,0.4,0.01,18,noDSL
1831,5,0.4,0.01,19,noDSL
1832,5,0.4,0.01,20,noDSL
1833,5,0.4,0.01,21,noDSL
1834,5,0.4,0.01,22,noDSL
1835,5,0.4,0.01,23,noDSL
1836,5,0.4,0.01,24,noDSL
1837,5,0.4,0.01,25,noDSL
1838,5,0.4,0.01,26,noDSL
1839,5,0.4,0.01,27,noDSL
1840,5,0.4,0.01,28,noDSL
1841,5,0.4,0.01,29,noDSL
1842,5,0.4,0.01,30,noDSL
1843,5,0.4,0.01,31,noDSL
1844,5,0.4,0.01,32,noDSL
1845,5,0.4,0.01,33,noDSL
1846,5,0.4,0.01,34,noDSL
1847,5,0.4,0.01,35,noDSL
1848,5,0.4,0.01,36,noDSL
1849,5,0.4,0.01,37,noDSL
1850,5,0.4,0.01,38,noDSL
1851,5,0.4,0.01,39,noDSL
1852,5,0.4,0.01,40,noDSL
1853,5,0.4,0.01,41,noDSL
1854,5,0.4,0.01,42,noDSL
1855,5,0.4,0.01,43,noDSL
1856,5,0.4,0.01,44,noDSL
1857,5,0.4,0.01,45,noDSL
1858,5,0.4,0.01,46,noDSL
1859,5,0.4,0.01,47,noDSL
1860,5,0.4,0.01,48,noDSL
1861,5,0.4,0.01,49,noDSL
1862,5,0.4,0.01,1,noConvention
1863,5,0.4,0.01,2,noConvention
1864,5,0.4,0.01,3,noConvention
1865,5,0.4,0.01,4,noConvention
1866,5,0.4,0.01,5,noConvention
1867,5,0.4,0.01,6,noConvention
1868,5,0.4,0.01,7,noConvention
1869,5,0.4,0.01,8,noConvention
1870,5,0.4,0.01,9,noConvention
1871,5,0.4,0.01,10,noConvention
1872,5,0.4,0.01,11,noConvention
1873,5,0.4,0.01,12,noConvention
1874,5,0.4,0.01,13,noConvention
1875,5,0.4,0.01,14,noConvention
1876,5,0.4,0.01,15,noConvention
1877,5,0.4,0.01,16,noConvention
1878,5,0.4,0.01,17,noConvention
1879,5,0.4,0.01,18,noConvention
1880,5,0.4,0.01,19,noConvention
1881,5,0.4,0.01,20,noConvention
1882,5,0.4,0.01,21,noConvention
1883,5,0.4,0.01,22,noConvention
1884,5,0.4,0.01,23,noConvention
1885,5,0.4,0.01,24,noConvention
1886,5,0.4,0.01,25,noConvention
1887,5,0.4,0.01,26,noConvention
1888,5,0.4,0.01,27,noConvention
1889,5,0.4,0.01,28,noConvention
1890,5,0.4,0.01,29,noConvention
1891,5,0.4,0.01,30,noConvention
1892,5,0.4,0.01,31,noConvention
1893,5,0.4,0.01,32,noConvention
1894,5,0.4,0.01,33,noConvention
1895,5,0.4,0.01,34,noConvention
1896,5,0.4,0.01,35,noConvention
1897,5,0.4,0.01,36,noConvention
1898,5,0.4,0.01,37,noConvention
1899,5,0.4,0.01,38,noConvention
1900,5,0.4,0.01,39,noConvention
1901,5,0.4,0.01,40,noConvention
1902,5,0.4,0.01,41,noConvention
1903,5,0.4,0.01,42,noConvention
1904,5,0.4,0.01,43,noConvention
1905,5,0.4,0.01,44,noConvention
1906,5,0.4,0.01,45,noConvention
1907,5,0.4,0.01,46,noConvention
1908,5,0.4,0.01,47,noConvention
1909,5,0.4,0.01,48,noConvention
1910,5,0.4,0.01,49,noConvention
1911,5,0.4,0.025,1,full
1912,5,0.4,0.025,2,full
1913,5,0.4,0.025,3,full
1914,5,0.4,0.025,4,full
1915,5,0.4,0.025,5,full
1916,5,0.4,0.025,6,full
1917,5,0.4,0.025,7,full
1918,5,0.4,0.025,8,full
1919,5,0.4,0.025,9,full
1920,5,0.4,0.025,10,full
1921,5,0.4,0.025,11,full
1922,5,0.4,0.025,12,full
1923,5,0.4,0.025,13,full
1924,5,0.4,0.025,14,full
1925,5,0.4,0.025,15,full
1926,5,0.4,0.025,16,full
1927,5,0.4,0.025,17,full
1928,5,0.4,0.025,18,full
1929,5,0.4,0.025,19,full
1930,5,0.4,0.025,20,full
1931,5,0.4,0.025,21,full
1932,5,0.4,0.025,22,full
1933,5,0.4,0.025,23,full
1934,5,0.4,0.025,24,full
1935,5,0.4,0.025,25,full
1936,5,0.4,0.025,26,full
1937,5,0.4,0.025,27,full
1938,5,0.4,0.025,28,full
1939,5,0.4,0.025,29,full
1940,5,0.4,0.025,30,full
1941,5,0.4,0.025,31,full
1942,5,0.4,0.025,32,full
1943,5,0.4,0.025,33,full
1944,5,0.4,0.025,34,full
1945,5,0.4,0.025,35,full
1946,5,0.4,0.025,36,full
1947,5,0.4,0.025,37,full
1948,5,0.4,0.025,38,full
1949,5,0.4,0.025,39,full
1950,5,0.4,0.025,40,full
1951,5,0.4,0.025,41,full
1952,5,0.4,0.025,42,full
1953,5,0.4,0.025,43,full
1954,5,0.4,0.025,44,full
1955,5,0.4,0.025,45,full
1956,5,0.4,0.025,46,full
1957,5,0.4,0.025,47,full
1958,5,0.4,0.025,48,full
1959,5,0.4,0.025,49,full
1960,5,0.4,0.025,1,noDSL
1961,5,0.4,0.025,2,noDSL
1962,5,0.4,0.025,3,noDSL
1963,5,0.4,0.025,4,noDSL
1964,5,0.4,0.025,5,noDSL
1965,5,0.4,0.025,6,noDSL
1966,5,0.4,0.025,7,noDSL
1967,5,0.4,0.025,8,noDSL
1968,5,0.4,0.025,9,noDSL
1969,5,0.4,0.025,10,noDSL
1970,5,0.4,0.025,11,noDSL
1971,5,0.4,0.025,12,noDSL
1972,5,0.4,0.025,13,noDSL
1973,5,0.4,0.025,14,noDSL
1974,5,0.4,0.025,15,noDSL
1975,5,0.4,0.025,16,noDSL
1976,5,0.4,0.025,17,noDSL
1977,5,0.4,0.025,18,noDSL
1978,5,0.4,0.025,19,noDSL
1979,5,0.4,0.025,20,noDSL
1980,5,0.4,0.025,21,noDSL
1981,5,0.4,0.025,22,noDSL
1982,5,0.4,0.025,23,noDSL
1983,5,0.4,0.025,24,noDSL
1984,5,0.4,0.025,25,noDSL
1985,5,0.4,0.025,26,noDSL
1986,5,0.4,0.025,27,noDSL
1987,5,0.4,0.025,28,noDSL
1988,5,0.4,0.025,29,noDSL
1989,5,0.4,0.025,30,noDSL
1990,5,0.4,0.025,31,noDSL
1991,5,0.4,0.025,32,noDSL
1992,5,0.4,0.025,33,noDSL
1993,5,0.4,0.025,34,noDSL
1994,5,0.4,0.025,35,noDSL
1995,5,0.4,0.025,36,noDSL
1996,5,0.4,0.025,37,noDSL
1997,5,0.4,0.025,38,noDSL
1998,5,0.4,0.025,39,noDSL
1999,5,0.4,0.025,40,noDSL
2000,5,0.4,0.025,41,noDSL
2001,5,0.4,0.025,42,noDSL
2002,5,0.4,0.025,43,noDSL
2003,5,0.4,0.025,44,noDSL
2004,5,0.4,0.025,45,noDSL
2005,5,0.4,0.025,46,noDSL
2006,5,0.4,0.025,47,noDSL
2007,5,0.4,0.025,48,noDSL
2008,5,0.4,0.025,49,noDSL
2009,5,0.4,0.025,1,noConvention
2010,5,0.4,0.025,2,noConvention
2011,5,0.4,0.025,3,noConvention
2012,5,0.4,0.025,4,noConvention
2013,5,0.4,0.025,5,noConvention
2014,5,0.4,0.025,6,noConvention
2015,5,0.4,0.025,7,noConvention
2016,5,0.4,0.025,8,noConvention
2017,5,0.4,0.025,9,noConvention
2018,5,0.4,0.025,10,noConvention
2019,5,0.4,0.025,11,noConvention
2020,5,0.4,0.025,12,noConvention
2021,5,0.4,0.025,13,noConvention
2022,5,0.4,0.025,14,noConvention
2023,5,0.4,0.025,15,noConvention
2024,5,0.4,0.025,16,noConvention
2025,5,0.4,0.025,17,noConvention
2026,5,0.4,0.025,18,noConvention
2027,5,0.4,0.025,19,noConvention
2028,5,0.4,0.025,20,noConvention
2029,5,0.4,0.025,21,noConvention
2030,5,0.4,0.025,22,noConvention
2031,5,0.4,0.025,23,noConvention
2032,5,0.4,0.025,24,noConvention
2033,5,0.4,0.025,25,noConvention
2034,5,0.4,0.025,26,noConvention
2035,5,0.4,0.025,27,noConvention
2036,5,0.4,0.025,28,noConvention
2037,5,0.4,0.025,29,noConvention
2038,5,0.4,0.025,30,noConvention
2039,5,0.4,0.025,31,noConvention
2040,5,0.4,0.025,32,noConvention
2041,5,0.4,0.025,33,noConvention
2042,5,0.4,0.025,34,noConvention
2043,5,0.4,0.025,35,noConvention
2044,5,0.4,0.025,36,noConvention
2045,5,0.4,0.025,37,noConvention
2046,5,0.4,0.025,38,noConvention
2047,5,0.4,0.025,39,noConvention
2048,5,0.4,0.025,40,noConvention
2049,5,0.4,0.025,41,noConvention
2050,5,0.4,0.025,42,noConvention
2051,5,0.4,0.025,43,noConvention
2052,5,0.4,0.025,44,noConvention
2053,5,0.4,0.025,45,noConvention
2054,5,0.4,0.025,46,noConvention
2055,5,0.4,0.025,47,noConvention
2056,5,0.4,0.025,48,noConvention
2057,5,0.4,0.025,49,noConvention
2058,5,0.4,0.075,1,full
2059,5,0.4,0.075,2,full
2060,5,0.4,0.075,3,full
2061,5,0.4,0.075,4,full
2062,5,0.4,0.075,5,full
2063,5,0.4,0.075,6,full
2064,5,0.4,0.075,7,full
2065,5,0.4,0.075,8,full
2066,5,0.4,0.075,9,full
2067,5,0.4,0.075,10,full
2068,5,0.4,0.075,11,full
2069,5,0.4,0.075,12,full
2070,5,0.4,0.075,13,full
2071,5,0.4,0.075,14,full
2072,5,0.4,0.075,15,full
2073,5,0.4,0.075,16,full
2074,5,0.4,0.075,17,full
2075,5,0.4,0.075,18,full
2076,5,0.4,0.075,19,full
2077,5,0.4,0.075,20,full
2078,5,0.4,0.075,21,full
2079,5,0.4,0.075,22,full
2080,5,0.4,0.075,23,full
2081,5,0.4,0.075,24,full
2082,5,0.4,0.075,25,full
2083,5,0.4,0.075,26,full
2084,5,0.4,0.075,27,full
2085,5,0.4,0.075,28,full
2086,5,0.4,0.075,29,full
2087,5,0.4,0.075,30,full
2088,5,0.4,0.075,31,full
2089,5,0.4,0.075,32,full
2090,5,0.4,0.075,33,full
2091,5,0.4,0.075,34,full
2092,5,0.4,0.075,35,full
2093,5,0.4,0.075,36,full
2094,5,0.4,0.075,37,full
2095,5,0.4,0.075,38,full
2096,5,0.4,0.075,39,full
2097,5,0.4,0.075,40,full
2098,5,0.4,0.075,41,full
2099,5,0.4,0.075,42,full
2100,5,0.4,0.075,43,full
2101,5,0.4,0.075,44,full
2102,5,0.4,0.075,45,full
2103,5,0.4,0.075,46,full
2104,5,0.4,0.075,47,full
2105,5,0.4,0.075,48,full
2106,5,0.4,0.075,49,full
2107,5,0.4,0.075,1,noDSL
2108,5,0.4,0.075,2,noDSL
2109,5,0.4,0.075,3,noDSL
2110,5,0.4,0.075,4,noDSL
2111,5,0.4,0.075,5,noDSL
2112,5,0.4,0.075,6,noDSL
2113,5,0.4,0.075,7,noDSL
2114,5,0.4,0.075,8,noDSL
2115,5,0.4,0.075,9,noDSL
2116,5,0.4,0.075,10,noDSL
2117,5,0.4,0.075,11,noDSL
2118,5,0.4,0.075,12,noDSL
2119,5,0.4,0.075,13,noDSL
2120,5,0.4,0.075,14,noDSL
2121,5,0.4,0.075,15,noDSL
2122,5,0.4,0.075,16,noDSL
2123,5,0.4,0.075,17,noDSL
2124,5,0.4,0.075,18,noDSL
2125,5,0.4,0.075,19,noDSL
2126,5,0.4,0.075,20,noDSL
2127,5,0.4,0.075,21,noDSL
2128,5,0.4,0.075,22,noDSL
2129,5,0.4,0.075,23,noDSL
2130,5,0.4,0.075,24,noDSL
2131,5,0.4,0.075,25,noDSL
2132,5,0.4,0.075,26,noDSL
2133,5,0.4,0.075,27,noDSL
2134,5,0.4,0.075,28,noDSL
2135,5,0.4,0.075,29,noDSL
2136,5,0.4,0.075,30,noDSL
2137,5,0.4,0.075,31,noDSL
2138,5,0.4,0.075,32,noDSL
2139,5,0.4,0.075,33,noDSL
2140,5,0.4,0.075,34,noDSL
2141,5,0.4,0.075,35,noDSL
2142,5,0.4,0.075,36,noDSL
2143,5,0.4,0.075,37,noDSL
2144,5,0.4,0.075,38,noDSL
2145,5,0.4,0.075,39,noDSL
2146,5,0.4,0.075,40,noDSL
2147,5,0.4,0.075,41,noDSL
2148,5,0.4,0.075,42,noDSL
2149,5,0.4,0.075,43,noDSL
2150,5,0.4,0.075,44,noDSL
2151,5,0.4,0.075,45,noDSL
2152,5,0.4,0.075,46,noDSL
2153,5,0.4,0.075,47,noDSL
2154,5,0.4,0.075,48,noDSL
2155,5,0.4,0.075,49,noDSL
2156,5,0.4,0.075,1,noConvention
2157,5,0.4,0.075,2,noConvention
2158,5,0.4,0.075,3,noConvention
2159,5,0.4,0.075,4,noConvention
2160,5,0.4,0.075,5,noConvention
2161,5,0.4,0.075,6,noConvention
2162,5,0.4,0.075,7,noConvention
2163,5,0.4,0.075,8,noConvention
2164,5,0.4,0.075,9,noConvention
2165,5,0.4,0.075,10,noConvention
2166,5,0.4,0.075,11,noConvention
2167,5,0.4,0.075,12,noConvention
2168,5,0.4,0.075,13,noConvention
2169,5,0.4,0.075,14,noConvention
2170,5,0.4,0.075,15,noConvention
2171,5,0.4,0.075,16,noConvention
2172,5,0.4,0.075,17,noConvention
2173,5,0.4,0.075,18,noConvention
2174,5,0.4,0.075,19,noConvention
2175,5,0.4,0.075,20,noConvention
2176,5,0.4,0.075,21,noConvention
2177,5,0.4,0.075,22,noConvention
2178,5,0.4,0.075,23,noConvention
2179,5,0.4,0.075,24,noConvention
2180,5,0.4,0.075,25,noConvention
2181,5,0.4,0.075,26,noConvention
2182,5,0.4,0.075,27,noConvention
2183,5,0.4,0.075,28,noConvention
2184,5,0.4,0.075,29,noConvention
2185,5,0.4,0.075,30,noConvention
2186,5,0.4,0.075,31,noConvention
2187,5,0.4,0.075,32,noConvention
2188,5,0.4,0.075,33,noConvention
2189,5,0.4,0.075,34,noConvention
2190,5,0.4,0.075,35,noConvention
2191,5,0.4,0.075,36,noConvention
2192,5,0.4,0.075,37,noConvention
2193,5,0.4,0.075,38,noConvention
2194,5,0.4,0.075,39,noConvention
2195,5,0.4,0.075,40,noConvention
2196,5,0.4,0.075,41,noConvention
2197,5,0.4,0.075,42,noConvention
2198,5,0.4,0.075,43,noConvention
2199,5,0.4,0.075,44,noConvention
2200,5,0.4,0.075,45,noConvention
2201,5,0.4,0.075,46,noConvention
2202,5,0.4,0.075,47,noConvention
2203,5,0.4,0.075,48,noConvention
2204,5,0.4,0.075,49,noConvention
2205,5,0.4,0.1,1,full
2206,5,0.4,0.1,2,full
2207,5,0.4,0.1,3,full
2208,5,0.4,0.1,4,full
2209,5,0.4,0.1,5,full
2210,5,0.4,0.1,6,full
2211,5,0.4,0.1,7,full
2212,5,0.4,0.1,8,full
2213,5,0.4,0.1,9,full
2214,5,0.4,0.1,10,full
2215,5,0.4,0.1,11,full
2216,5,0.4,0.1,12,full
2217,5,0.4,0.1,13,full
2218,5,0.4,0.1,14,full
2219,5,0.4,0.1,15,full
2220,5,0.4,0.1,16,full
2221,5,0.4,0.1,17,full
2222,5,0.4,0.1,18,full
2223,5,0.4,0.1,19,full
2224,5,0.4,0.1,20,full
2225,5,0.4,0.1,21,full
2226,5,0.4,0.1,22,full
2227,5,0.4,0.1,23,full
2228,5,0.4,0.1,24,full
2229,5,0.4,0.1,25,full
2230,5,0.4,0.1,26,full
2231,5,0.4,0.1,27,full
2232,5,0.4,0.1,28,full
2233,5,0.4,0.1,29,full
2234,5,0.4,0.1,30,full
2235,5,0.4,0.1,31,full
2236,5,0.4,0.1,32,full
2237,5,0.4,0.1,33,full
2238,5,0.4,0.1,34,full
2239,5,0.4,0.1,35,full
2240,5,0.4,0.1,36,full
2241,5,0.4,0.1,37,full
2242,5,0.4,0.1,38,full
2243,5,0.4,0.1,39,full
2244,5,0.4,0.1,40,full
2245,5,0.4,0.1,41,full
2246,5,0.4,0.1,42,full
2247,5,0.4,0.1,43,full
2248,5,0.4,0.1,44,full
2249,5,0.4,0.1,45,full
2250,5,0.4,0.1,46,full
2251,5,0.4,0.1,47,full
2252,5,0.4,0.1,48,full
2253,5,0.4,0.1,49,full
2254,5,0.4,0.1,1,noDSL
2255,5,0.4,0.1,2,noDSL
2256,5,0.4,0.1,3,noDSL
2257,5,0.4,0.1,4,noDSL
2258,5,0.4,0.1,5,noDSL
2259,5,0.4,0.1,6,noDSL
2260,5,0.4,0.1,7,noDSL
2261,5,0.4,0.1,8,noDSL
2262,5,0.4,0.1,9,noDSL
2263,5,0.4,0.1,10,noDSL
2264,5,0.4,0.1,11,noDSL
2265,5,0.4,0.1,12,noDSL
2266,5,0.4,0.1,13,noDSL
2267,5,0.4,0.1,14,noDSL
2268,5,0.4,0.1,15,noDSL
2269,5,0.4,0.1,16,noDSL
2270,5,0.4,0.1,17,noDSL
2271,5,0.4,0.1,18,noDSL
2272,5,0.4,0.1,19,noDSL
2273,5,0.4,0.1,20,noDSL
2274,5,0.4,0.1,21,noDSL
2275,5,0.4,0.1,22,noDSL
2276,5,0.4,0.1,23,noDSL
2277,5,0.4,0.1,24,noDSL
2278,5,0.4,0.1,25,noDSL
2279,5,0.4,0.1,26,noDSL
2280,5,0.4,0.1,27,noDSL
2281,5,0.4,0.1,28,noDSL
2282,5,0.4,0.1,29,noDSL
2283,5,0.4,0.1,30,noDSL
2284,5,0.4,0.1,31,noDSL
2285,5,0.4,0.1,32,noDSL
2286,5,0.4,0.1,33,noDSL
2287,5,0.4,0.1,34,noDSL
2288,5,0.4,0.1,35,noDSL
2289,5,0.4,0.1,36,noDSL
2290,5,0.4,0.1,37,noDSL
2291,5,0.4,0.1,38,noDSL
2292,5,0.4,0.1,39,noDSL
2293,5,0.4,0.1,40,noDSL
2294,5,0.4,0.1,41,noDSL
2295,5,0.4,0.1,42,noDSL
2296,5,0.4,0.1,43,noDSL
2297,5,0.4,0.1,44,noDSL
2298,5,0.4,0.1,45,noDSL
2299,5,0.4,0.1,46,noDSL
2300,5,0.4,0.1,47,noDSL
2301,5,0.4,0.1,48,noDSL
2302,5,0.4,0.1,49,noDSL
2303,5,0.4,0.1,1,noConvention
2304,5,0.4,0.1,2,noConvention
2305,5,0.4,0.1,3,noConvention
2306,5,0.4,0.1,4,noConvention
2307,5,0.4,0.1,5,noConvention
2308,5,0.4,0.1,6,noConvention
2309,5,0.4,0.1,7,noConvention
2310,5,0.4,0.1,8,noConvention
2311,5,0.4,0.1,9,noConvention
2312,5,0.4,0.1,10,noConvention
2313,5,0.4,0.1,11,noConvention
2314,5,0.4,0.1,12,noConvention
2315,5,0.4,0.1,13,noConvention
2316,5,0.4,0.1,14,noConvention
2317,5,0.4,0.1,15,noConvention
2318,5,0.4,0.1,16,noConvention
2319,5,0.4,0.1,17,noConvention
2320,5,0.4,0.1,18,noConvention
2321,5,0.4,0.1,19,noConvention
2322,5,0.4,0.1,20,noConvention
2323,5,0.4,0.1,21,noConvention
2324,5,0.4,0.1,22,noConvention
2325,5,0.4,0.1,23,noConvention
2326,5,0.4,0.1,24,noConvention
2327,5,0.4,0.1,25,noConvention
2328,5,0.4,0.1,26,noConvention
2329,5,0.4,0.1,27,noConvention
2330,5,0.4,0.1,28,noConvention
2331,5,0.4,0.1,29,noConvention
2332,5,0.4,0.1,30,noConvention
2333,5,0.4,0.1,31,noConvention
2334,5,0.4,0.1,32,noConvention
2335,5,0.4,0.1,33,noConvention
2336,5,0.4,0.1,34,noConvention
2337,5,0.4,0.1,35,noConvention
2338,5,0.4,0.1,36,noConvention
2339,5,0.4,0.1,37,noConvention
2340,5,0.4,0.1,38,noConvention
2341,5,0.4,0.1,39,noConvention
2342,5,0.4,0.1,40,noConvention
2343,5,0.4,0.1,41,noConvention
2344,5,0.4,0.1,42,noConvention
2345,5,0.4,0.1,43,noConvention
2346,5,0.4,0.1,44,noConvention
2347,5,0.4,0.1,45,noConvention
2348,5,0.4,0.1,46,noConvention
2349,5,0.4,0.1,47,noConvention
2350,5,0.4,0.1,48,noConvention
2351,5,0.4,0.1,49,noConvention
2352,5,0.5,0.01,1,full
2353,5,0.5,0.01,2,full
2354,5,0.5,0.01,3,full
2355,5,0.5,0.01,4,full
2356,5,0.5,0.01,5,full
2357,5,0.5,0.01,6,full
2358,5,0.5,0.01,7,full
2359,5,0.5,0.01,8,full
2360,5,0.5,0.01,9,full
2361,5,0.5,0.01,10,full
2362,5,0.5,0.01,11,full
2363,5,0.5,0.01,12,full
2364,5,0.5,0.01,13,full
2365,5,0.5,0.01,14,full
2366,5,0.5,0.01,15,full
2367,5,0.5,0.01,16,full
2368,5,0.5,0.01,17,full
2369,5,0.5,0.01,18,full
2370,5,0.5,0.01,19,full
2371,5,0.5,0.01,20,full
2372,5,0.5,0.01,21,full
2373,5,0.5,0.01,22,full
2374,5,0.5,0.01,23,full
2375,5,0.5,0.01,24,full
2376,5,0.5,0.01,25,full
2377,5,0.5,0.01,26,full
2378,5,0.5,0.01,27,full
2379,5,0.5,0.01,28,full
2380,5,0.5,0.01,29,full
2381,5,0.5,0.01,30,full
2382,5,0.5,0.01,31,full
2383,5,0.5,0.01,32,full
2384,5,0.5,0.01,33,full
2385,5,0.5,0.01,34,full
2386,5,0.5,0.01,35,full
2387,5,0.5,0.01,36,full
2388,5,0.5,0.01,37,full
2389,5,0.5,0.01,38,full
2390,5,0.5,0.01,39,full
2391,5,0.5,0.01,40,full
2392,5,0.5,0.01,41,full
2393,5,0.5,0.01,42,full
2394,5,0.5,0.01,43,full
2395,5,0.5,0.01,44,full
2396,5,0.5,0.01,45,full
2397,5,0.5,0.01,46,full
2398,5,0.5,0.01,47,full
2399,5,0.5,0.01,48,full
2400,5,0.5,0.01,49,full
2401,5,0.5,0.01,1,noDSL
2402,5,0.5,0.01,2,noDSL
2403,5,0.5,0.01,3,noDSL
2404,5,0.5,0.01,4,noDSL
2405,5,0.5,0.01,5,noDSL
2406,5,0.5,0.01,6,noDSL
2407,5,0.5,0.01,7,noDSL
2408,5,0.5,0.01,8,noDSL
2409,5,0.5,0.01,9,noDSL
2410,5,0.5,0.01,10,noDSL
2411,5,0.5,0.01,11,noDSL
2412,5,0.5,0.01,12,noDSL
2413,5,0.5,0.01,13,noDSL
2414,5,0.5,0.01,14,noDSL
2415,5,0.5,0.01,15,noDSL
2416,5,0.5,0.01,16,noDSL
2417,5,0.5,0.01,17,noDSL
2418,5,0.5,0.01,18,noDSL
2419,5,0.5,0.01,19,noDSL
2420,5,0.5,0.01,20,noDSL
2421,5,0.5,0.01,21,noDSL
2422,5,0.5,0.01,22,noDSL
2423,5,0.5,0.01,23,noDSL
2424,5,0.5,0.01,24,noDSL
2425,5,0.5,0.01,25,noDSL
2426,5,0.5,0.01,26,noDSL
2427,5,0.5,0.01,27,noDSL
2428,5,0.5,0.01,28,noDSL
2429,5,0.5,0.01,29,noDSL
2430,5,0.5,0.01,30,noDSL
2431,5,0.5,0.01,31,noDSL
2432,5,0.5,0.01,32,noDSL
2433,5,0.5,0.01,33,noDSL
2434,5,0.5,0.01,34,noDSL
2435,5,0.5,0.01,35,noDSL
2436,5,0.5,0.01,36,noDSL
2437,5,0.5,0.01,37,noDSL
2438,5,0.5,0.01,38,noDSL
2439,5,0.5,0.01,39,noDSL
2440,5,0.5,0.01,40,noDSL
2441,5,0.5,0.01,41,noDSL
2442,5,0.5,0.01,42,noDSL
2443,5,0.5,0.01,43,noDSL
2444,5,0.5,0.01,44,noDSL
2445,5,0.5,0.01,45,noDSL
2446,5,0.5,0.01,46,noDSL
2447,5,0.5,0.01,47,noDSL
2448,5,0.5,0.01,48,noDSL
2449,5,0.5,0.01,49,noDSL
2450,5,0.5,0.01,1,noConvention
2451,5,0.5,0.01,2,noConvention
2452,5,0.5,0.01,3,noConvention
2453,5,0.5,0.01,4,noConvention
2454,5,0.5,0.01,5,noConvention
2455,5,0.5,0.01,6,noConvention
2456,5,0.5,0.01,7,noConvention
2457,5,0.5,0.01,8,noConvention
2458,5,0.5,0.01,9,noConvention
2459,5,0.5,0.01,10,noConvention
2460,5,0.5,0.01,11,noConvention
2461,5,0.5,0.01,12,noConvention
2462,5,0.5,0.01,13,noConvention
2463,5,0.5,0.01,14,noConvention
2464,5,0.5,0.01,15,noConvention
2465,5,0.5,0.01,16,noConvention
2466,5,0.5,0.01,17,noConvention
2467,5,0.5,0.01,18,noConvention
2468,5,0.5,0.01,19,noConvention
2469,5,0.5,0.01,20,noConvention
2470,5,0.5,0.01,21,noConvention
2471,5,0.5,0.01,22,noConvention
2472,5,0.5,0.01,23,noConvention
2473,5,0.5,0.01,24,noConvention
2474,5,0.5,0.01,25,noConvention
2475,5,0.5,0.01,26,noConvention
2476,5,0.5,0.01,27,noConvention
2477,5,0.5,0.01,28,noConvention
2478,5,0.5,0.01,29,noConvention
2479,5,0.5,0.01,30,noConvention
2480,5,0.5,0.01,31,noConvention
2481,5,0.5,0.01,32,noConvention
2482,5,0.5,0.01,33,noConvention
2483,5,0.5,0.01,34,noConvention
2484,5,0.5,0.01,35,noConvention
2485,5,0.5,0.01,36,noConvention
2486,5,0.5,0.01,37,noConvention
2487,5,0.5,0.01,38,noConvention
2488,5,0.5,0.01,39,noConvention
2489,5,0.5,0.01,40,noConvention
2490,5,0.5,0.01,41,noConvention
2491,5,0.5,0.01,42,noConvention
2492,5,0.5,0.01,43,noConvention
2493,5,0.5,0.01,44,noConvention
2494,5,0.5,0.01,45,noConvention
2495,5,0.5,0.01,46,noConvention
2496,5,0.5,0.01,47,noConvention
2497,5,0.5,0.01,48,noConvention
2498,5,0.5,0.01,49,noConvention
2499,5,0.5,0.025,1,full
2500,5,0.5,0.025,2,full
2501,5,0.5,0.025,3,full
2502,5,0.5,0.025,4,full
2503,5,0.5,0.025,5,full
2504,5,0.5,0.025,6,full
2505,5,0.5,0.025,7,full
2506,5,0.5,0.025,8,full
2507,5,0.5,0.025,9,full
2508,5,0.5,0.025,10,full
2509,5,0.5,0.025,11,full
2510,5,0.5,0.025,12,full
2511,5,0.5,0.025,13,full
2512,5,0.5,0.025,14,full
2513,5,0.5,0.025,15,full
2514,5,0.5,0.025,16,full
2515,5,0.5,0.025,17,full
2516,5,0.5,0.025,18,full
2517,5,0.5,0.025,19,full
2518,5,0.5,0.025,20,full
2519,5,0.5,0.025,21,full
2520,5,0.5,0.025,22,full
2521,5,0.5,0.025,23,full
2522,5,0.5,0.025,24,full
2523,5,0.5,0.025,25,full
2524,5,0.5,0.025,26,full
2525,5,0.5,0.025,27,full
2526,5,0.5,0.025,28,full
2527,5,0.5,0.025,29,full
2528,5,0.5,0.025,30,full
2529,5,0.5,0.025,31,full
2530,5,0.5,0.025,32,full
2531,5,0.5,0.025,33,full
2532,5,0.5,0.025,34,full
2533,5,0.5,0.025,35,full
2534,5,0.5,0.025,36,full
2535,5,0.5,0.025,37,full
2536,5,0.5,0.025,38,full
2537,5,0.5,0.025,39,full
2538,5,0.5,0.025,40,full
2539,5,0.5,0.025,41,full
2540,5,0.5,0.025,42,full
2541,5,0.5,0.025,43,full
2542,5,0.5,0.025,44,full
2543,5,0.5,0.025,45,full
2544,5,0.5,0.025,46,full
2545,5,0.5,0.025,47,full
2546,5,0.5,0.025,48,full
2547,5,0.5,0.025,49,full
2548,5,0.5,0.025,1,noDSL
2549,5,0.5,0.025,2,noDSL
2550,5,0.5,0.025,3,noDSL
2551,5,0.5,0.025,4,noDSL
2552,5,0.5,0.025,5,noDSL
2553,5,0.5,0.025,6,noDSL
2554,5,0.5,0.025,7,noDSL
2555,5,0.5,0.025,8,noDSL
2556,5,0.5,0.025,9,noDSL
2557,5,0.5,0.025,10,noDSL
2558,5,0.5,0.025,11,noDSL
2559,5,0.5,0.025,12,noDSL
2560,5,0.5,0.025,13,noDSL
2561,5,0.5,0.025,14,noDSL
2562,5,0.5,0.025,15,noDSL
2563,5,0.5,0.025,16,noDSL
2564,5,0.5,0.025,17,noDSL
2565,5,0.5,0.025,18,noDSL
2566,5,0.5,0.025,19,noDSL
2567,5,0.5,0.025,20,noDSL
2568,5,0.5,0.025,21,noDSL
2569,5,0.5,0.025,22,noDSL
2570,5,0.5,0.025,23,noDSL
2571,5,0.5,0.025,24,noDSL
2572,5,0.5,0.025,25,noDSL
2573,5,0.5,0.025,26,noDSL
2574,5,0.5,0.025,27,noDSL
2575,5,0.5,0.025,28,noDSL
2576,5,0.5,0.025,29,noDSL
2577,5,0.5,0.025,30,noDSL
2578,5,0.5,0.025,31,noDSL
2579,5,0.5,0.025,32,noDSL
2580,5,0.5,0.025,33,noDSL
2581,5,0.5,0.025,34,noDSL
2582,5,0.5,0.025,35,noDSL
2583,5,0.5,0.025,36,noDSL
2584,5,0.5,0.025,37,noDSL
2585,5,0.5,0.025,38,noDSL
2586,5,0.5,0.025,39,noDSL
2587,5,0.5,0.025,40,noDSL
2588,5,0.5,0.025,41,noDSL
2589,5,0.5,0.025,42,noDSL
2590,5,0.5,0.025,43,noDSL
2591,5,0.5,0.025,44,noDSL
2592,5,0.5,0.025,45,noDSL
2593,5,0.5,0.025,46,noDSL
2594,5,0.5,0.025,47,noDSL
2595,5,0.5,0.025,48,noDSL
2596,5,0.5,0.025,49,noDSL
2597,5,0.5,0.025,1,noConvention
2598,5,0.5,0.025,2,noConvention
2599,5,0.5,0.025,3,noConvention
2600,5,0.5,0.025,4,noConvention
2601,5,0.5,0.025,5,noConvention
2602,5,0.5,0.025,6,noConvention
2603,5,0.5,0.025,7,noConvention
2604,5,0.5,0.025,8,noConvention
2605,5,0.5,0.025,9,noConvention
2606,5,0.5,0.025,10,noConvention
2607,5,0.5,0.025,11,noConvention
2608,5,0.5,0.025,12,noConvention
2609,5,0.5,0.025,13,noConvention
2610,5,0.5,0.025,14,noConvention
2611,5,0.5,0.025,15,noConvention
2612,5,0.5,0.025,16,noConvention
2613,5,0.5,0.025,17,noConvention
2614,5,0.5,0.025,18,noConvention
2615,5,0.5,0.025,19,noConvention
2616,5,0.5,0.025,20,noConvention
2617,5,0.5,0.025,21,noConvention
2618,5,0.5,0.025,22,noConvention
2619,5,0.5,0.025,23,noConvention
2620,5,0.5,0.025,24,noConvention
2621,5,0.5,0.025,25,noConvention
2622,5,0.5,0.025,26,noConvention
2623,5,0.5,0.025,27,noConvention
2624,5,0.5,0.025,28,noConvention
2625,5,0.5,0.025,29,noConvention
2626,5,0.5,0.025,30,noConvention
2627,5,0.5,0.025,31,noConvention
2628,5,0.5,0.025,32,noConvention
2629,5,0.5,0.025,33,noConvention
2630,5,0.5,0.025,34,noConvention
2631,5,0.5,0.025,35,noConvention
2632,5,0.5,0.025,36,noConvention
2633,5,0.5,0.025,37,noConvention
2634,5,0.5,0.025,38,noConvention
2635,5,0.5,0.025,39,noConvention
2636,5,0.5,0.025,40,noConvention
2637,5,0.5,0.025,41,noConvention
2638,5,0.5,0.025,42,noConvention
2639,5,0.5,0.025,43,noConvention
2640,5,0.5,0.025,44,noConvention
2641,5,0.5,0.025,45,noConvention
2642,5,0.5,0.025,46,noConvention
2643,5,0.5,0.025,47,noConvention
2644,5,0.5,0.025,48,noConvention
2645,5,0.5,0.025,49,noConvention
2646,5,0.5,0.075,1,full
2647,5,0.5,0.075,2,full
2648,5,0.5,0.075,3,full
2649,5,0.5,0.075,4,full
2650,5,0.5,0.075,5,full
2651,5,0.5,0.075,6,full
2652,5,0.5,0.075,7,full
2653,5,0.5,0.075,8,full
2654,5,0.5,0.075,9,full
2655,5,0.5,0.075,10,full
2656,5,0.5,0.075,11,full
2657,5,0.5,0.075,12,full
2658,5,0.5,0.075,13,full
2659,5,0.5,0.075,14,full
2660,5,0.5,0.075,15,full
2661,5,0.5,0.075,16,full
2662,5,0.5,0.075,17,full
2663,5,0.5,0.075,18,full
2664,5,0.5,0.075,19,full
2665,5,0.5,0.075,20,full
2666,5,0.5,0.075,21,full
2667,5,0.5,0.075,22,full
2668,5,0.5,0.075,23,full
2669,5,0.5,0.075,24,full
2670,5,0.5,0.075,25,full
2671,5,0.5,0.075,26,full
2672,5,0.5,0.075,27,full
2673,5,0.5,0.075,28,full
2674,5,0.5,0.075,29,full
2675,5,0.5,0.075,30,full
2676,5,0.5,0.075,31,full
2677,5,0.5,0.075,32,full
2678,5,0.5,0.075,33,full
2679,5,0.5,0.075,34,full
2680,5,0.5,0.075,35,full
2681,5,0.5,0.075,36,full
2682,5,0.5,0.075,37,full
2683,5,0.5,0.075,38,full
2684,5,0.5,0.075,39,full
2685,5,0.5,0.075,40,full
2686,5,0.5,0.075,41,full
2687,5,0.5,0.075,42,full
2688,5,0.5,0.075,43,full
2689,5,0.5,0.075,44,full
2690,5,0.5,0.075,45,full
2691,5,0.5,0.075,46,full
2692,5,0.5,0.075,47,full
2693,5,0.5,0.075,48,full
2694,5,0.5,0.075,49,full
2695,5,0.5,0.075,1,noDSL
2696,5,0.5,0.075,2,noDSL
2697,5,0.5,0.075,3,noDSL
2698,5,0.5,0.075,4,noDSL
2699,5,0.5,0.075,5,noDSL
2700,5,0.5,0.075,6,noDSL
2701,5,0.5,0.075,7,noDSL
2702,5,0.5,0.075,8,noDSL
2703,5,0.5,0.075,9,noDSL
2704,5,0.5,0.075,10,noDSL
2705,5,0.5,0.075,11,noDSL
2706,5,0.5,0.075,12,noDSL
2707,5,0.5,0.075,13,noDSL
2708,5,0.5,0.075,14,noDSL
2709,5,0.5,0.075,15,noDSL
2710,5,0.5,0.075,16,noDSL
2711,5,0.5,0.075,17,noDSL
2712,5,0.5,0.075,18,noDSL
2713,5,0.5,0.075,19,noDSL
2714,5,0.5,0.075,20,noDSL
2715,5,0.5,0.075,21,noDSL
2716,5,0.5,0.075,22,noDSL
2717,5,0.5,0.075,23,noDSL
2718,5,0.5,0.075,24,noDSL
2719,5,0.5,0.075,25,noDSL
2720,5,0.5,0.075,26,noDSL
2721,5,0.5,0.075,27,noDSL
2722,5,0.5,0.075,28,noDSL
2723,5,0.5,0.075,29,noDSL
2724,5,0.5,0.075,30,noDSL
2725,5,0.5,0.075,31,noDSL
2726,5,0.5,0.075,32,noDSL
2727,5,0.5,0.075,33,noDSL
2728,5,0.5,0.075,34,noDSL
2729,5,0.5,0.075,35,noDSL
2730,5,0.5,0.075,36,noDSL
2731,5,0.5,0.075,37,noDSL
2732,5,0.5,0.075,38,noDSL
2733,5,0.5,0.075,39,noDSL
2734,5,0.5,0.075,40,noDSL
2735,5,0.5,0.075,41,noDSL
2736,5,0.5,0.075,42,noDSL
2737,5,0.5,0.075,43,noDSL
2738,5,0.5,0.075,44,noDSL
2739,5,0.5,0.075,45,noDSL
2740,5,0.5,0.075,46,noDSL
2741,5,0.5,0.075,47,noDSL
2742,5,0.5,0.075,48,noDSL
2743,5,0.5,0.075,49,noDSL
2744,5,0.5,0.075,1,noConvention
2745,5,0.5,0.075,2,noConvention
2746,5,0.5,0.075,3,noConvention
2747,5,0.5,0.075,4,noConvention
2748,5,0.5,0.075,5,noConvention
2749,5,0.5,0.075,6,noConvention
2750,5,0.5,0.075,7,noConvention
2751,5,0.5,0.075,8,noConvention
2752,5,0.5,0.075,9,noConvention
2753,5,0.5,0.075,10,noConvention
2754,5,0.5,0.075,11,noConvention
2755,5,0.5,0.075,12,noConvention
2756,5,0.5,0.075,13,noConvention
2757,5,0.5,0.075,14,noConvention
2758,5,0.5,0.075,15,noConvention
2759,5,0.5,0.075,16,noConvention
2760,5,0.5,0.075,17,noConvention
2761,5,0.5,0.075,18,noConvention
2762,5,0.5,0.075,19,noConvention
2763,5,0.5,0.075,20,noConvention
2764,5,0.5,0.075,21,noConvention
2765,5,0.5,0.075,22,noConvention
2766,5,0.5,0.075,23,noConvention
2767,5,0.5,0.075,24,noConvention
2768,5,0.5,0.075,25,noConvention
2769,5,0.5,0.075,26,noConvention
2770,5,0.5,0.075,27,noConvention
2771,5,0.5,0.075,28,noConvention
2772,5,0.5,0.075,29,noConvention
2773,5,0.5,0.075,30,noConvention
2774,5,0.5,0.075,31,noConvention
2775,5,0.5,0.075,32,noConvention
2776,5,0.5,0.075,33,noConvention
2777,5,0.5,0.075,34,noConvention
2778,5,0.5,0.075,35,noConvention
2779,5,0.5,0.075,36,noConvention
2780,5,0.5,0.075,37,noConvention
2781,5,0.5,0.075,38,noConvention
2782,5,0.5,0.075,39,noConvention
2783,5,0.5,0.075,40,noConvention
2784,5,0.5,0.075,41,noConvention
2785,5,0.5,0.075,42,noConvention
2786,5,0.5,0.075,43,noConvention
2787,5,0.5,0.075,44,noConvention
2788,5,0.5,0.075,45,noConvention
2789,5,0.5,0.075,46,noConvention
2790,5,0.5,0.075,47,noConvention
2791,5,0.5,0.075,48,noConvention
2792,5,0.5,0.075,49,noConvention
2793,5,0.5,0.1,1,full
2794,5,0.5,0.1,2,full
2795,5,0.5,0.1,3,full
2796,5,0.5,0.1,4,full
2797,5,0.5,0.1,5,full
2798,5,0.5,0.1,6,full
2799,5,0.5,0.1,7,full
2800,5,0.5,0.1,8,full
2801,5,0.5,0.1,9,full
2802,5,0.5,0.1,10,full
2803,5,0.5,0.1,11,full
2804,5,0.5,0.1,12,full
2805,5,0.5,0.1,13,full
2806,5,0.5,0.1,14,full
2807,5,0.5,0.1,15,full
2808,5,0.5,0.1,16,full
2809,5,0.5,0.1,17,full
2810,5,0.5,0.1,18,full
2811,5,0.5,0.1,19,full
2812,5,0.5,0.1,20,full
2813,5,0.5,0.1,21,full
2814,5,0.5,0.1,22,full
2815,5,0.5,0.1,23,full
2816,5,0.5,0.1,24,full
2817,5,0.5,0.1,25,full
2818,5,0.5,0.1,26,full
2819,5,0.5,0.1,27,full
2820,5,0.5,0.1,28,full
2821,5,0.5,0.1,29,full
2822,5,0.5,0.1,30,full
2823,5,0.5,0.1,31,full
2824,5,0.5,0.1,32,full
2825,5,0.5,0.1,33,full
2826,5,0.5,0.1,34,full
2827,5,0.5,0.1,35,full
2828,5,0.5,0.1,36,full
2829,5,0.5,0.1,37,full
2830,5,0.5,0.1,38,full
2831,5,0.5,0.1,39,full
2832,5,0.5,0.1,40,full
2833,5,0.5,0.1,41,full
2834,5,0.5,0.1,42,full
2835,5,0.5,0.1,43,full
2836,5,0.5,0.1,44,full
2837,5,0.5,0.1,45,full
2838,5,0.5,0.1,46,full
2839,5,0.5,0.1,47,full
2840,5,0.5,0.1,48,full
2841,5,0.5,0.1,49,full
2842,5,0.5,0.1,1,noDSL
2843,5,0.5,0.1,2,noDSL
2844,5,0.5,0.1,3,noDSL
2845,5,0.5,0.1,4,noDSL
2846,5,0.5,0.1,5,noDSL
2847,5,0.5,0.1,6,noDSL
2848,5,0.5,0.1,7,noDSL
2849,5,0.5,0.1,8,noDSL
2850,5,0.5,0.1,9,noDSL
2851,5,0.5,0.1,10,noDSL
2852,5,0.5,0.1,11,noDSL
2853,5,0.5,0.1,12,noDSL
2854,5,0.5,0.1,13,noDSL
2855,5,0.5,0.1,14,noDSL
2856,5,0.5,0.1,15,noDSL
2857,5,0.5,0.1,16,noDSL
2858,5,0.5,0.1,17,noDSL
2859,5,0.5,0.1,18,noDSL
2860,5,0.5,0.1,19,noDSL
2861,5,0.5,0.1,20,noDSL
2862,5,0.5,0.1,21,noDSL
2863,5,0.5,0.1,22,noDSL
2864,5,0.5,0.1,23,noDSL
2865,5,0.5,0.1,24,noDSL
2866,5,0.5,0.1,25,noDSL
2867,5,0.5,0.1,26,noDSL
2868,5,0.5,0.1,27,noDSL
2869,5,0.5,0.1,28,noDSL
2870,5,0.5,0.1,29,noDSL
2871,5,0.5,0.1,30,noDSL
2872,5,0.5,0.1,31,noDSL
2873,5,0.5,0.1,32,noDSL
2874,5,0.5,0.1,33,noDSL
2875,5,0.5,0.1,34,noDSL
2876,5,0.5,0.1,35,noDSL
2877,5,0.5,0.1,36,noDSL
2878,5,0.5,0.1,37,noDSL
2879,5,0.5,0.1,38,noDSL
2880,5,0.5,0.1,39,noDSL
2881,5,0.5,0.1,40,noDSL
2882,5,0.5,0.1,41,noDSL
2883,5,0.5,0.1,42,noDSL
2884,5,0.5,0.1,43,noDSL
2885,5,0.5,0.1,44,noDSL
2886,5,0.5,0.1,45,noDSL
2887,5,0.5,0.1,46,noDSL
2888,5,0.5,0.1,47,noDSL
2889,5,0.5,0.1,48,noDSL
2890,5,0.5,0.1,49,noDSL
2891,5,0.5,0.1,1,noConvention
2892,5,0.5,0.1,2,noConvention
2893,5,0.5,0.1,3,noConvention
2894,5,0.5,0.1,4,noConvention
2895,5,0.5,0.1,5,noConvention
2896,5,0.5,0.1,6,noConvention
2897,5,0.5,0.1,7,noConvention
2898,5,0.5,0.1,8,noConvention
2899,5,0.5,0.1,9,noConvention
2900,5,0.5,0.1,10,noConvention
2901,5,0.5,0.1,11,noConvention
2902,5,0.5,0.1,12,noConvention
2903,5,0.5,0.1,13,noConvention
2904,5,0.5,0.1,14,noConvention
2905,5,0.5,0.1,15,noConvention
2906,5,0.5,0.1,16,noConvention
2907,5,0.5,0.1,17,noConvention
2908,5,0.5,0.1,18,noConvention
2909,5,0.5,0.1,19,noConvention
2910,5,0.5,0.1,20,noConvention
2911,5,0.5,0.1,21,noConvention
2912,5,0.5,0.1,22,noConvention
2913,5,0.5,0.1,23,noConvention
2914,5,0.5,0.1,24,noConvention
2915,5,0.5,0.1,25,noConvention
2916,5,0.5,0.1,26,noConvention
2917,5,0.5,0.1,27,noConvention
2918,5,0.5,0.1,28,noConvention
2919,5,0.5,0.1,29,noConvention
2920,5,0.5,0.1,30,noConvention
2921,5,0.5,0.1,31,noConvention
2922,5,0.5,0.1,32,noConvention
2923,5,0.5,0.1,33,noConvention
2924,5,0.5,0.1,34,noConvention
2925,5,0.5,0.1,35,noConvention
2926,5,0.5,0.1,36,noConvention
2927,5,0.5,0.1,37,noConvention
2928,5,0.5,0.1,38,noConvention
2929,5,0.5,0.1,39,noConvention
2930,5,0.5,0.1,40,noConvention
2931,5,0.5,0.1,41,noConvention
2932,5,0.5,0.1,42,noConvention
2933,5,0.5,0.1,43,noConvention
2934,5,0.5,0.1,44,noConvention
2935,5,0.5,0.1,45,noConvention
2936,5,0.5,0.1,46,noConvention
2937,5,0.5,0.1,47,noConvention
2938,5,0.5,0.1,48,noConvention
2939,5,0.5,0.1,49,noConvention
