,_id,iterationName,gameid,time,assignmentId,leftTarget,rightTarget,trialNum,turnNum,repNum,content,timeElapsedInTurn,timeElapsedInTrial,eventType,practice
0,5ef78389ce2f7f58fcd0a350,pilot0,1494-029e2297-bd3f-4cfe-be00-d06d36724e4e,1593279369916.0,3E47SOBEYUW78Q4UOK6BV9E6YCECIM,vertical,horizontal,,0,practice,place the red one 3 from the left and the blue 3 from the right,60567,60567,chatMessage,True
1,5ef783bace2f7f58fcd0a358,pilot0,1494-029e2297-bd3f-4cfe-be00-d06d36724e4e,1593279418484.0,3E47SOBEYUW78Q4UOK6BV9E6YCECIM,vertical,horizontal,,0,practice,"close, but put the towers starting on the third blocks from each side
",20018,20018,chatMessage,True
2,5ef783e4ce2f7f58fcd0a35e,pilot0,1494-029e2297-bd3f-4cfe-be00-d06d36724e4e,1593279460649.0,3E47SOBEYUW78Q4UOK6BV9E6YCECIM,C,Pi,0.0,0,0,put a blue block three from the left~~~ ,28166,28166,chatMessage,False
3,5ef78401ce2f7f58fcd0a365,pilot0,1494-029e2297-bd3f-4cfe-be00-d06d36724e4e,1593279489995.0,3E47SOBEYUW78Q4UOK6BV9E6YCECIM,C,Pi,0.0,2,0,place a red block on top of the left side of the blue block and then another red on top of that red,21993,57512,chatMessage,False
4,5ef7842ace2f7f58fcd0a36e,pilot0,1494-029e2297-bd3f-4cfe-be00-d06d36724e4e,1593279530677.0,3E47SOBEYUW78Q4UOK6BV9E6YCECIM,C,Pi,0.0,4,0,Now place a blue block on top of that that lines up with the bottom blue block,24789,98193,chatMessage,False
5,5ef78461ce2f7f58fcd0a37d,pilot0,1494-029e2297-bd3f-4cfe-be00-d06d36724e4e,1593279585887.0,3E47SOBEYUW78Q4UOK6BV9E6YCECIM,C,Pi,0.0,6,0,"remove that last blue block, place it on top of the red blocks",29367,153402,chatMessage,False
6,5ef7848ace2f7f58fcd0a388,pilot0,1494-029e2297-bd3f-4cfe-be00-d06d36724e4e,1593279626687.0,3E47SOBEYUW78Q4UOK6BV9E6YCECIM,C,Pi,0.0,8,0,"place a red block on the second grid from the right of the screen
",20695,194201,chatMessage,False
7,5ef784a8ce2f7f58fcd0a390,pilot0,1494-029e2297-bd3f-4cfe-be00-d06d36724e4e,1593279656348.0,3E47SOBEYUW78Q4UOK6BV9E6YCECIM,C,Pi,0.0,10,0,now place another red block three more space to the left of that one,18272,223861,chatMessage,False
8,5ef784ccce2f7f58fcd0a39c,pilot0,1494-029e2297-bd3f-4cfe-be00-d06d36724e4e,1593279692807.0,3E47SOBEYUW78Q4UOK6BV9E6YCECIM,C,Pi,0.0,12,0,"place two blue blocks next to each other connecting on top of the two red blocks
",20376,260321,chatMessage,False
9,5ef78501ce2f7f58fcd0a3ab,pilot0,1494-029e2297-bd3f-4cfe-be00-d06d36724e4e,1593279745969.0,3E47SOBEYUW78Q4UOK6BV9E6YCECIM,L,C,1.0,0,0,place a blue block starting in the second grid from the left,38147,38147,chatMessage,False
10,5ef78519ce2f7f58fcd0a3b3,pilot0,1494-029e2297-bd3f-4cfe-be00-d06d36724e4e,1593279769783.0,3E47SOBEYUW78Q4UOK6BV9E6YCECIM,L,C,1.0,2,0,"place another blue block directly to the right of it
",15959,61969,chatMessage,False
11,5ef78532ce2f7f58fcd0a3b9,pilot0,1494-029e2297-bd3f-4cfe-be00-d06d36724e4e,1593279794789.0,3E47SOBEYUW78Q4UOK6BV9E6YCECIM,L,C,1.0,4,0,stack two red blocks on top of eachother on the left side of the first blue block,16323,86975,chatMessage,False
12,5ef78557ce2f7f58fcd0a3c2,pilot0,1494-029e2297-bd3f-4cfe-be00-d06d36724e4e,1593279831785.0,3E47SOBEYUW78Q4UOK6BV9E6YCECIM,L,C,1.0,6,0,place a blue block starting in the 3rd grid from the right,18839,123971,chatMessage,False
13,5ef78573ce2f7f58fcd0a3c6,pilot0,1494-029e2297-bd3f-4cfe-be00-d06d36724e4e,1593279859287.0,3E47SOBEYUW78Q4UOK6BV9E6YCECIM,L,C,1.0,8,0,stack two red blocks on top of eachother on top of the left side of that blue block,16311,151473,chatMessage,False
14,5ef78590ce2f7f58fcd0a3cf,pilot0,1494-029e2297-bd3f-4cfe-be00-d06d36724e4e,1593279888759.0,3E47SOBEYUW78Q4UOK6BV9E6YCECIM,L,C,1.0,10,0,and place a blue block on top of those red blocks that is lined up with the bottom one,15289,180943,chatMessage,False
15,5ef785c6ce2f7f58fcd0a3dd,pilot0,1494-029e2297-bd3f-4cfe-be00-d06d36724e4e,1593279942026.0,3E47SOBEYUW78Q4UOK6BV9E6YCECIM,L,Pi,2.0,0,0,Do the same L shape on the left side as last time with 2x blue and 2x red two spots from the left,36762,36762,chatMessage,False
16,5ef785f3ce2f7f58fcd0a3eb,pilot0,1494-029e2297-bd3f-4cfe-be00-d06d36724e4e,1593279987146.0,3E47SOBEYUW78Q4UOK6BV9E6YCECIM,L,Pi,2.0,2,0,"place a red block two from the right, then a gap of two and another red block then two blues connect",25957,81888,chatMessage,False
17,5ef78629ce2f7f58fcd0a3fd,pilot0,1494-029e2297-bd3f-4cfe-be00-d06d36724e4e,1593280041237.0,3E47SOBEYUW78Q4UOK6BV9E6YCECIM,L,Pi,2.0,4,0,just place the other blue on on top of one of the red blocks,24476,135974,chatMessage,False
18,5ef78661ce2f7f58fcd0a410,pilot0,1494-029e2297-bd3f-4cfe-be00-d06d36724e4e,1593280097994.0,3E47SOBEYUW78Q4UOK6BV9E6YCECIM,Pi,C,3.0,0,1,"two blocks from the left place a red, then space of two and another red~~~ 2 blues on top of them",29943,29943,chatMessage,False
19,5ef78696ce2f7f58fcd0a425,pilot0,1494-029e2297-bd3f-4cfe-be00-d06d36724e4e,1593280150271.0,3E47SOBEYUW78Q4UOK6BV9E6YCECIM,Pi,C,3.0,2,1,"3 from the right place a blue, 2x red stacked on the left side of it, then another blue on top",23742,82221,chatMessage,False
20,5ef786d6ce2f7f58fcd0a448,pilot0,1494-029e2297-bd3f-4cfe-be00-d06d36724e4e,1593280214108.0,3E47SOBEYUW78Q4UOK6BV9E6YCECIM,C,L,4.0,0,1,tall c-shape again three from the left~~~ then tall L-shape two from the right,26475,26475,chatMessage,False
21,5ef78712ce2f7f58fcd0a469,pilot0,1494-029e2297-bd3f-4cfe-be00-d06d36724e4e,1593280274821.0,3E47SOBEYUW78Q4UOK6BV9E6YCECIM,C,L,4.0,2,1,"place the last blue to the right of the other blue block on the L
",21511,87196,chatMessage,False
22,5ef78751ce2f7f58fcd0a488,pilot0,1494-029e2297-bd3f-4cfe-be00-d06d36724e4e,1593280337869.0,3E47SOBEYUW78Q4UOK6BV9E6YCECIM,Pi,L,5.0,0,1,L in the same spot as last time~~~ Then the upsidedown U shape two from the left,26126,26126,chatMessage,False
23,5ef78786ce2f7f58fcd0a4a6,pilot0,1494-029e2297-bd3f-4cfe-be00-d06d36724e4e,1593280390383.0,3E47SOBEYUW78Q4UOK6BV9E6YCECIM,Pi,L,5.0,2,1,make the upside down U with 2x red and 2x blue,17748,78651,chatMessage,False
24,5ef787acce2f7f58fcd0a4bc,pilot0,1494-029e2297-bd3f-4cfe-be00-d06d36724e4e,1593280428517.0,3E47SOBEYUW78Q4UOK6BV9E6YCECIM,Pi,L,5.0,4,1,"place the last block anywhere, we missed this one",12764,116774,chatMessage,False
25,5ef787d5ce2f7f58fcd0a4dd,pilot0,1494-029e2297-bd3f-4cfe-be00-d06d36724e4e,1593280469012.0,3E47SOBEYUW78Q4UOK6BV9E6YCECIM,L,C,6.0,0,2,L-shape with 2x blue and 2x red starting in the second grid from left,28175,28175,chatMessage,False
26,5ef787fbce2f7f58fcd0a4fe,pilot0,1494-029e2297-bd3f-4cfe-be00-d06d36724e4e,1593280507293.0,3E47SOBEYUW78Q4UOK6BV9E6YCECIM,L,C,6.0,2,2,Tall C-shape starting in the 3rd grid from the right,16094,66457,chatMessage,False
27,5ef78835ce2f7f58fcd0a52b,pilot0,1494-029e2297-bd3f-4cfe-be00-d06d36724e4e,1593280565026.0,3E47SOBEYUW78Q4UOK6BV9E6YCECIM,L,Pi,7.0,0,2,L-shape with 2x red and 2x Blue starting in the second grid from the left,22059,22059,chatMessage,False
28,5ef78855ce2f7f58fcd0a548,pilot0,1494-029e2297-bd3f-4cfe-be00-d06d36724e4e,1593280597588.0,3E47SOBEYUW78Q4UOK6BV9E6YCECIM,L,Pi,7.0,2,2,upsidedown U-shape starting in the second grid from the right,13392,54622,chatMessage,False
29,5ef7887dce2f7f58fcd0a565,pilot0,1494-029e2297-bd3f-4cfe-be00-d06d36724e4e,1593280637987.0,3E47SOBEYUW78Q4UOK6BV9E6YCECIM,C,Pi,8.0,0,2,tall c-shape starting in third grid from left,17387,17387,chatMessage,False
30,5ef788a0ce2f7f58fcd0a57d,pilot0,1494-029e2297-bd3f-4cfe-be00-d06d36724e4e,1593280672346.0,3E47SOBEYUW78Q4UOK6BV9E6YCECIM,C,Pi,8.0,2,2,upsidedown U-shape starting in the second grid from the right,16900,51751,chatMessage,False
31,5ef788c1ce2f7f58fcd0a594,pilot0,1494-029e2297-bd3f-4cfe-be00-d06d36724e4e,1593280705952.0,3E47SOBEYUW78Q4UOK6BV9E6YCECIM,C,L,9.0,0,3,tall c-shape starting in the third grid from the left,11288,11288,chatMessage,False
32,5ef788dbce2f7f58fcd0a5b1,pilot0,1494-029e2297-bd3f-4cfe-be00-d06d36724e4e,1593280731885.0,3E47SOBEYUW78Q4UOK6BV9E6YCECIM,C,L,9.0,2,3,Tall L-shape starting in the second grid from the right,12171,37228,chatMessage,False
33,5ef78901ce2f7f58fcd0a5c4,pilot0,1494-029e2297-bd3f-4cfe-be00-d06d36724e4e,1593280769828.0,3E47SOBEYUW78Q4UOK6BV9E6YCECIM,Pi,C,10.0,0,3,upsidedown U-shape starting in the second grid from the left,18762,18762,chatMessage,False
34,5ef78916ce2f7f58fcd0a5d4,pilot0,1494-029e2297-bd3f-4cfe-be00-d06d36724e4e,1593280790281.0,3E47SOBEYUW78Q4UOK6BV9E6YCECIM,Pi,C,10.0,2,3,tall C-shape starting in the third grid from the right,1488,39226,chatMessage,False
35,5ef7893cce2f7f58fcd0a5ec,pilot0,1494-029e2297-bd3f-4cfe-be00-d06d36724e4e,1593280828335.0,3E47SOBEYUW78Q4UOK6BV9E6YCECIM,Pi,L,11.0,0,3,upsidedown U-shape starting in the second grid from the left,14438,14438,chatMessage,False
36,5ef7894cce2f7f58fcd0a5fe,pilot0,1494-029e2297-bd3f-4cfe-be00-d06d36724e4e,1593280844699.0,3E47SOBEYUW78Q4UOK6BV9E6YCECIM,Pi,L,11.0,2,3,tall L-shape starting in the second grid from the right,1589,30802,chatMessage,False
0,5ef787b4ce2f7f58fcd0a4c3,pilot0,2391-2f396ec8-517f-4681-b366-51f930bcac22,1593280436183.0,32EYX73OY49GNJOD0YLK3713S84RUF,vertical,horizontal,,0,practice,place one column 3 row 1,43137,43137,chatMessage,True
1,5ef787f8ce2f7f58fcd0a4f8,pilot0,2391-2f396ec8-517f-4681-b366-51f930bcac22,1593280504481.0,32EYX73OY49GNJOD0YLK3713S84RUF,vertical,horizontal,,0,practice,"place blue block flat and two away from right side
",39034,39034,chatMessage,True
2,5ef78843ce2f7f58fcd0a536,pilot0,2391-2f396ec8-517f-4681-b366-51f930bcac22,1593280579483.0,32EYX73OY49GNJOD0YLK3713S84RUF,vertical,horizontal,,2,practice,"place red blacks upright and 2 to the right 
",37334,114038,chatMessage,True
3,5ef78876ce2f7f58fcd0a55f,pilot0,2391-2f396ec8-517f-4681-b366-51f930bcac22,1593280630134.0,32EYX73OY49GNJOD0YLK3713S84RUF,L,Pi,0.0,0,0,place blue 1 to the right and flat,29997,29997,chatMessage,False
4,5ef788abce2f7f58fcd0a584,pilot0,2391-2f396ec8-517f-4681-b366-51f930bcac22,1593280683155.0,32EYX73OY49GNJOD0YLK3713S84RUF,L,Pi,0.0,2,0,place blue next to the previous one and a red on top of the first,26747,83011,chatMessage,False
5,5ef788d1ce2f7f58fcd0a5a6,pilot0,2391-2f396ec8-517f-4681-b366-51f930bcac22,1593280721207.0,32EYX73OY49GNJOD0YLK3713S84RUF,L,Pi,0.0,4,0,place another red on top of the previous red,17834,121069,chatMessage,False
6,5ef788f0ce2f7f58fcd0a5bb,pilot0,2391-2f396ec8-517f-4681-b366-51f930bcac22,1593280752066.0,32EYX73OY49GNJOD0YLK3713S84RUF,L,Pi,0.0,6,0,place one red 1 to the left of the far right,24862,151930,chatMessage,False
7,5ef78920ce2f7f58fcd0a5db,pilot0,2391-2f396ec8-517f-4681-b366-51f930bcac22,1593280800661.0,32EYX73OY49GNJOD0YLK3713S84RUF,L,Pi,0.0,8,0,place another red 2 to the left of the first red and then connect the two with blues,28645,200526,chatMessage,False
8,5ef7895cce2f7f58fcd0a60d,pilot0,2391-2f396ec8-517f-4681-b366-51f930bcac22,1593280860946.0,32EYX73OY49GNJOD0YLK3713S84RUF,L,Pi,0.0,10,0,place a red 3 to the left of first red ,19717,260812,chatMessage,False
9,5ef7899dce2f7f58fcd0a635,pilot0,2391-2f396ec8-517f-4681-b366-51f930bcac22,1593280925412.0,32EYX73OY49GNJOD0YLK3713S84RUF,C,Pi,1.0,0,0,place blue 3 to the right on left side,37174,37174,chatMessage,False
10,5ef789dcce2f7f58fcd0a654,pilot0,2391-2f396ec8-517f-4681-b366-51f930bcac22,1593280988055.0,32EYX73OY49GNJOD0YLK3713S84RUF,C,Pi,1.0,2,0,place red above blue and 1 to the left,44225,99823,chatMessage,False
11,5ef78a15ce2f7f58fcd0a691,pilot0,2391-2f396ec8-517f-4681-b366-51f930bcac22,1593281045505.0,32EYX73OY49GNJOD0YLK3713S84RUF,C,Pi,1.0,4,0,place 1 red 1 to the left of the far right ,35947,157273,chatMessage,False
12,5ef78a3dce2f7f58fcd0a6b2,pilot0,2391-2f396ec8-517f-4681-b366-51f930bcac22,1593281085416.0,32EYX73OY49GNJOD0YLK3713S84RUF,C,Pi,1.0,6,0,place one blue one to the left of the far right above the red going leftward,30652,197185,chatMessage,False
13,5ef78a62ce2f7f58fcd0a6d2,pilot0,2391-2f396ec8-517f-4681-b366-51f930bcac22,1593281122564.0,32EYX73OY49GNJOD0YLK3713S84RUF,C,Pi,1.0,8,0,place another blue next to the previous blue going leftward,21079,234336,chatMessage,False
14,5ef78a9dce2f7f58fcd0a6f3,pilot0,2391-2f396ec8-517f-4681-b366-51f930bcac22,1593281181242.0,32EYX73OY49GNJOD0YLK3713S84RUF,C,Pi,1.0,10,0,place a blue next to the blue that is above the red blocks going leftward,43593,293011,chatMessage,False
15,5ef78ac0ce2f7f58fcd0a708,pilot0,2391-2f396ec8-517f-4681-b366-51f930bcac22,1593281216990.0,32EYX73OY49GNJOD0YLK3713S84RUF,C,Pi,1.0,12,0,do that again but above the previous,23742,328764,chatMessage,False
16,5ef78ae3ce2f7f58fcd0a71a,pilot0,2391-2f396ec8-517f-4681-b366-51f930bcac22,1593281251284.0,32EYX73OY49GNJOD0YLK3713S84RUF,L,C,2.0,0,0,place blue 1 to the right of the left side,20917,20917,chatMessage,False
17,5ef78b18ce2f7f58fcd0a72e,pilot0,2391-2f396ec8-517f-4681-b366-51f930bcac22,1593281304277.0,32EYX73OY49GNJOD0YLK3713S84RUF,L,C,2.0,2,0,place another blue next to that one rightward flat on same level,32841,73910,chatMessage,False
18,5ef78b5bce2f7f58fcd0a743,pilot0,2391-2f396ec8-517f-4681-b366-51f930bcac22,1593281371080.0,32EYX73OY49GNJOD0YLK3713S84RUF,L,C,2.0,4,0,place red tile 1 to the right on left side right above first blue ,39756,140716,chatMessage,False
19,5ef78b7fce2f7f58fcd0a753,pilot0,2391-2f396ec8-517f-4681-b366-51f930bcac22,1593281407062.0,32EYX73OY49GNJOD0YLK3713S84RUF,L,C,2.0,6,0,place another red above the previous red tile,21399,176694,chatMessage,False
20,5ef78b9fce2f7f58fcd0a75e,pilot0,2391-2f396ec8-517f-4681-b366-51f930bcac22,1593281439679.0,32EYX73OY49GNJOD0YLK3713S84RUF,L,C,2.0,8,0,place blue 3 to the left of the right side going leftward,27510,209316,chatMessage,False
21,5ef78bcbce2f7f58fcd0a76e,pilot0,2391-2f396ec8-517f-4681-b366-51f930bcac22,1593281483646.0,32EYX73OY49GNJOD0YLK3713S84RUF,L,C,2.0,10,0,place red tile above the right side of blue you just placed ,29126,253281,chatMessage,False
22,5ef78be0ce2f7f58fcd0a780,pilot0,2391-2f396ec8-517f-4681-b366-51f930bcac22,1593281504840.0,32EYX73OY49GNJOD0YLK3713S84RUF,L,C,2.0,12,0,place another red above the previous red you just placed,13744,274478,chatMessage,False
23,5ef78bf5ce2f7f58fcd0a785,pilot0,2391-2f396ec8-517f-4681-b366-51f930bcac22,1593281525942.0,32EYX73OY49GNJOD0YLK3713S84RUF,L,C,2.0,14,0,place blue above the red you just placed but point it rightward ,16255,295579,chatMessage,False
24,5ef78c1dce2f7f58fcd0a796,pilot0,2391-2f396ec8-517f-4681-b366-51f930bcac22,1593281565979.0,32EYX73OY49GNJOD0YLK3713S84RUF,C,L,3.0,0,1,place blue 2 to the right of the left going rightward ,30204,30204,chatMessage,False
25,5ef78c45ce2f7f58fcd0a7a7,pilot0,2391-2f396ec8-517f-4681-b366-51f930bcac22,1593281605966.0,32EYX73OY49GNJOD0YLK3713S84RUF,C,L,3.0,2,1,place red above the blue on the blues  left side ,28217,70190,chatMessage,False
26,5ef78c54ce2f7f58fcd0a7a9,pilot0,2391-2f396ec8-517f-4681-b366-51f930bcac22,1593281620405.0,32EYX73OY49GNJOD0YLK3713S84RUF,C,L,3.0,4,1,place another red above previous red,9026,84629,chatMessage,False
27,5ef78c75ce2f7f58fcd0a7b0,pilot0,2391-2f396ec8-517f-4681-b366-51f930bcac22,1593281653448.0,32EYX73OY49GNJOD0YLK3713S84RUF,C,L,3.0,6,1,place a blue above the red but point it rightward,28067,117664,chatMessage,False
28,5ef78c8cce2f7f58fcd0a7b3,pilot0,2391-2f396ec8-517f-4681-b366-51f930bcac22,1593281676737.0,32EYX73OY49GNJOD0YLK3713S84RUF,C,L,3.0,8,1,place blue 1 to the left on the right side ,15652,140963,chatMessage,False
29,5ef78cbace2f7f58fcd0a7bc,pilot0,2391-2f396ec8-517f-4681-b366-51f930bcac22,1593281722525.0,32EYX73OY49GNJOD0YLK3713S84RUF,C,L,3.0,10,1,place another blue next to that one flat against it going leftward,32158,186747,chatMessage,False
30,5ef78ce0ce2f7f58fcd0a7c5,pilot0,2391-2f396ec8-517f-4681-b366-51f930bcac22,1593281760950.0,32EYX73OY49GNJOD0YLK3713S84RUF,C,L,3.0,12,1,place a red above the previous blues ones left block tile ,31996,225180,chatMessage,False
31,5ef78cface2f7f58fcd0a7ca,pilot0,2391-2f396ec8-517f-4681-b366-51f930bcac22,1593281786095.0,32EYX73OY49GNJOD0YLK3713S84RUF,C,L,3.0,14,1,place another red above the previous red,12779,250324,chatMessage,False
32,5ef78d12ce2f7f58fcd0a7cf,pilot0,2391-2f396ec8-517f-4681-b366-51f930bcac22,1593281810123.0,32EYX73OY49GNJOD0YLK3713S84RUF,Pi,C,4.0,0,1,place red 1 to the right ,15464,15464,chatMessage,False
33,5ef78d2ece2f7f58fcd0a7d4,pilot0,2391-2f396ec8-517f-4681-b366-51f930bcac22,1593281838441.0,32EYX73OY49GNJOD0YLK3713S84RUF,Pi,C,4.0,2,1,place blue above red going rightward ,22076,43784,chatMessage,False
34,5ef78d49ce2f7f58fcd0a7dc,pilot0,2391-2f396ec8-517f-4681-b366-51f930bcac22,1593281865347.0,32EYX73OY49GNJOD0YLK3713S84RUF,Pi,C,4.0,4,1,place another blue next to previous blue on same level going rightward,21650,70693,chatMessage,False
35,5ef78d6fce2f7f58fcd0a7e4,pilot0,2391-2f396ec8-517f-4681-b366-51f930bcac22,1593281903772.0,32EYX73OY49GNJOD0YLK3713S84RUF,Pi,C,4.0,6,1,place a blue next to the blue that is above red going rightward,26528,109117,chatMessage,False
36,5ef78d9bce2f7f58fcd0a7ed,pilot0,2391-2f396ec8-517f-4681-b366-51f930bcac22,1593281947052.0,32EYX73OY49GNJOD0YLK3713S84RUF,Pi,C,4.0,8,1,place a blue 2 to the left of the far right going leftward,31766,152397,chatMessage,False
37,5ef78dbbce2f7f58fcd0a7f9,pilot0,2391-2f396ec8-517f-4681-b366-51f930bcac22,1593281979187.0,32EYX73OY49GNJOD0YLK3713S84RUF,Pi,C,4.0,10,1,place red above blue left tile you just placed,24522,184535,chatMessage,False
38,5ef78de5ce2f7f58fcd0a804,pilot0,2391-2f396ec8-517f-4681-b366-51f930bcac22,1593282021074.0,32EYX73OY49GNJOD0YLK3713S84RUF,Pi,C,4.0,12,1,"no the other one, one more over to the left of the one you just placed",33461,226421,chatMessage,False
39,5ef78dfcce2f7f58fcd0a80e,pilot0,2391-2f396ec8-517f-4681-b366-51f930bcac22,1593282044566.0,32EYX73OY49GNJOD0YLK3713S84RUF,Pi,C,4.0,14,1,place another red above the previous one you just placed,15843,249916,chatMessage,False
40,5ef78e16ce2f7f58fcd0a814,pilot0,2391-2f396ec8-517f-4681-b366-51f930bcac22,1593282070189.0,32EYX73OY49GNJOD0YLK3713S84RUF,Pi,L,5.0,0,1,place red 1 to the right ,16532,16532,chatMessage,False
41,5ef78e46ce2f7f58fcd0a821,pilot0,2391-2f396ec8-517f-4681-b366-51f930bcac22,1593282118293.0,32EYX73OY49GNJOD0YLK3713S84RUF,Pi,L,5.0,2,1,place blues left tile above red going rightward ,35445,64635,chatMessage,False
42,5ef78e5ace2f7f58fcd0a825,pilot0,2391-2f396ec8-517f-4681-b366-51f930bcac22,1593282138328.0,32EYX73OY49GNJOD0YLK3713S84RUF,Pi,L,5.0,4,1,place another blue next to that blue going rightward,14501,84667,chatMessage,False
43,5ef78e8ace2f7f58fcd0a837,pilot0,2391-2f396ec8-517f-4681-b366-51f930bcac22,1593282186289.0,32EYX73OY49GNJOD0YLK3713S84RUF,Pi,L,5.0,6,1,no not flat on ground put one next to the blue that is 3 high,37055,132636,chatMessage,False
44,5ef78eaace2f7f58fcd0a844,pilot0,2391-2f396ec8-517f-4681-b366-51f930bcac22,1593282218742.0,32EYX73OY49GNJOD0YLK3713S84RUF,Pi,L,5.0,8,1,place another blue then above the previous,19128,165087,chatMessage,False
45,5ef78ec6ce2f7f58fcd0a84e,pilot0,2391-2f396ec8-517f-4681-b366-51f930bcac22,1593282246210.0,32EYX73OY49GNJOD0YLK3713S84RUF,Pi,L,5.0,10,1,place a blue 1 to the left going leftward,22797,192558,chatMessage,False
46,5ef78ef2ce2f7f58fcd0a867,pilot0,2391-2f396ec8-517f-4681-b366-51f930bcac22,1593282290719.0,32EYX73OY49GNJOD0YLK3713S84RUF,Pi,L,5.0,12,1,place a blue next to that one ,28303,237068,chatMessage,False
47,5ef78f0cce2f7f58fcd0a873,pilot0,2391-2f396ec8-517f-4681-b366-51f930bcac22,1593282316844.0,32EYX73OY49GNJOD0YLK3713S84RUF,Pi,L,5.0,14,1,stack 2 reds above the left blue tile,18158,263191,chatMessage,False
48,5ef78f29ce2f7f58fcd0a883,pilot0,2391-2f396ec8-517f-4681-b366-51f930bcac22,1593282345511.0,32EYX73OY49GNJOD0YLK3713S84RUF,L,C,6.0,0,2,place blue 1 to the right of left side,11335,11335,chatMessage,False
49,5ef78f57ce2f7f58fcd0a897,pilot0,2391-2f396ec8-517f-4681-b366-51f930bcac22,1593282391806.0,32EYX73OY49GNJOD0YLK3713S84RUF,L,C,6.0,2,2,place another blue next to that one,14660,57633,chatMessage,False
50,5ef78f73ce2f7f58fcd0a8a7,pilot0,2391-2f396ec8-517f-4681-b366-51f930bcac22,1593282419114.0,32EYX73OY49GNJOD0YLK3713S84RUF,L,C,6.0,4,2,place a red above the first blue left tile,15432,84940,chatMessage,False
51,5ef78f82ce2f7f58fcd0a8b2,pilot0,2391-2f396ec8-517f-4681-b366-51f930bcac22,1593282434605.0,32EYX73OY49GNJOD0YLK3713S84RUF,L,C,6.0,6,2,"place another one  above that one
",6691,100430,chatMessage,False
52,5ef78fa5ce2f7f58fcd0a8c2,pilot0,2391-2f396ec8-517f-4681-b366-51f930bcac22,1593282469035.0,32EYX73OY49GNJOD0YLK3713S84RUF,L,C,6.0,8,2,place a blue 2 to the left of right side,15500,134861,chatMessage,False
53,5ef78fbdce2f7f58fcd0a8ce,pilot0,2391-2f396ec8-517f-4681-b366-51f930bcac22,1593282493532.0,32EYX73OY49GNJOD0YLK3713S84RUF,L,C,6.0,10,2,place red above that blue left tile,15692,159363,chatMessage,False
54,5ef78fcbce2f7f58fcd0a8d7,pilot0,2391-2f396ec8-517f-4681-b366-51f930bcac22,1593282507718.0,32EYX73OY49GNJOD0YLK3713S84RUF,L,C,6.0,12,2,place another red above that one,8204,173547,chatMessage,False
55,5ef78fdece2f7f58fcd0a8e5,pilot0,2391-2f396ec8-517f-4681-b366-51f930bcac22,1593282526648.0,32EYX73OY49GNJOD0YLK3713S84RUF,L,C,6.0,14,2,place a blue above that one going rightward,13073,192474,chatMessage,False
56,5ef78ff5ce2f7f58fcd0a8f3,pilot0,2391-2f396ec8-517f-4681-b366-51f930bcac22,1593282549625.0,32EYX73OY49GNJOD0YLK3713S84RUF,L,Pi,7.0,0,2,place blue 1 to the right of left,10536,10536,chatMessage,False
57,5ef79008ce2f7f58fcd0a8ff,pilot0,2391-2f396ec8-517f-4681-b366-51f930bcac22,1593282568517.0,32EYX73OY49GNJOD0YLK3713S84RUF,L,Pi,7.0,2,2,place another one next to that,8024,29424,chatMessage,False
58,5ef79036ce2f7f58fcd0a921,pilot0,2391-2f396ec8-517f-4681-b366-51f930bcac22,1593282614353.0,32EYX73OY49GNJOD0YLK3713S84RUF,L,Pi,7.0,4,2,place a red above the first blues left most tile,27250,75265,chatMessage,False
59,5ef79044ce2f7f58fcd0a92b,pilot0,2391-2f396ec8-517f-4681-b366-51f930bcac22,1593282628307.0,32EYX73OY49GNJOD0YLK3713S84RUF,L,Pi,7.0,6,2,place another red above that one,9076,89220,chatMessage,False
60,5ef7906ece2f7f58fcd0a940,pilot0,2391-2f396ec8-517f-4681-b366-51f930bcac22,1593282670529.0,32EYX73OY49GNJOD0YLK3713S84RUF,L,Pi,7.0,8,2,place a red 1 to the left of the far right,19206,131443,chatMessage,False
61,5ef7908ece2f7f58fcd0a94b,pilot0,2391-2f396ec8-517f-4681-b366-51f930bcac22,1593282702351.0,32EYX73OY49GNJOD0YLK3713S84RUF,L,Pi,7.0,10,2,place a blues right tile above the red going leftward,22902,163261,chatMessage,False
62,5ef7909ece2f7f58fcd0a952,pilot0,2391-2f396ec8-517f-4681-b366-51f930bcac22,1593282718163.0,32EYX73OY49GNJOD0YLK3713S84RUF,L,Pi,7.0,12,2,place another blue next to that blue,8213,179076,chatMessage,False
63,5ef790c5ce2f7f58fcd0a95f,pilot0,2391-2f396ec8-517f-4681-b366-51f930bcac22,1593282757682.0,32EYX73OY49GNJOD0YLK3713S84RUF,L,Pi,7.0,14,2,place another blue on same level as the first blue,33872,218591,chatMessage,False
64,5ef790e0ce2f7f58fcd0a968,pilot0,2391-2f396ec8-517f-4681-b366-51f930bcac22,1593282784695.0,32EYX73OY49GNJOD0YLK3713S84RUF,C,Pi,8.0,0,2,place blue 2 to the right of left,17411,17411,chatMessage,False
65,5ef790f3ce2f7f58fcd0a96e,pilot0,2391-2f396ec8-517f-4681-b366-51f930bcac22,1593282803085.0,32EYX73OY49GNJOD0YLK3713S84RUF,C,Pi,8.0,2,2,place red above blues left most tile,10300,35797,chatMessage,False
66,5ef79107ce2f7f58fcd0a975,pilot0,2391-2f396ec8-517f-4681-b366-51f930bcac22,1593282823349.0,32EYX73OY49GNJOD0YLK3713S84RUF,C,Pi,8.0,4,2,place red above that red,5882,56065,chatMessage,False
67,5ef7911dce2f7f58fcd0a97c,pilot0,2391-2f396ec8-517f-4681-b366-51f930bcac22,1593282845138.0,32EYX73OY49GNJOD0YLK3713S84RUF,C,Pi,8.0,6,2,place blues left tile above red going right,16337,77845,chatMessage,False
68,5ef79133ce2f7f58fcd0a97e,pilot0,2391-2f396ec8-517f-4681-b366-51f930bcac22,1593282867034.0,32EYX73OY49GNJOD0YLK3713S84RUF,C,Pi,8.0,8,2,place a red 1 to the left  of right side,14194,99748,chatMessage,False
69,5ef79145ce2f7f58fcd0a980,pilot0,2391-2f396ec8-517f-4681-b366-51f930bcac22,1593282885659.0,32EYX73OY49GNJOD0YLK3713S84RUF,C,Pi,8.0,10,2,place a blue above the red going leftward,12335,118370,chatMessage,False
70,5ef79160ce2f7f58fcd0a982,pilot0,2391-2f396ec8-517f-4681-b366-51f930bcac22,1593282912471.0,32EYX73OY49GNJOD0YLK3713S84RUF,C,Pi,8.0,12,2,place a red 2 to the left of the first red,21734,145187,chatMessage,False
71,5ef7918cce2f7f58fcd0a986,pilot0,2391-2f396ec8-517f-4681-b366-51f930bcac22,1593282956952.0,32EYX73OY49GNJOD0YLK3713S84RUF,C,Pi,8.0,14,2,place a blues left tile above the red that you just placed connecting to other blue,32219,189668,chatMessage,False
72,5ef791a6ce2f7f58fcd0a989,pilot0,2391-2f396ec8-517f-4681-b366-51f930bcac22,1593282982666.0,32EYX73OY49GNJOD0YLK3713S84RUF,Pi,C,9.0,0,3,place a red 1 to the right of left side,16528,16528,chatMessage,False
73,5ef791c3ce2f7f58fcd0a98b,pilot0,2391-2f396ec8-517f-4681-b366-51f930bcac22,1593283011093.0,32EYX73OY49GNJOD0YLK3713S84RUF,Pi,C,9.0,2,3,place a blues left tile above that red,15885,44958,chatMessage,False
74,5ef791e0ce2f7f58fcd0a98d,pilot0,2391-2f396ec8-517f-4681-b366-51f930bcac22,1593283040264.0,32EYX73OY49GNJOD0YLK3713S84RUF,Pi,C,9.0,4,3,place a red tile 2 to the right of the first red ,21883,74130,chatMessage,False
75,5ef791f4ce2f7f58fcd0a98f,pilot0,2391-2f396ec8-517f-4681-b366-51f930bcac22,1593283060483.0,32EYX73OY49GNJOD0YLK3713S84RUF,Pi,C,9.0,6,3,place a blue above that red connecting to the other blue,12342,94350,chatMessage,False
76,5ef7920cce2f7f58fcd0a991,pilot0,2391-2f396ec8-517f-4681-b366-51f930bcac22,1593283084386.0,32EYX73OY49GNJOD0YLK3713S84RUF,Pi,C,9.0,8,3,place a blue 2 to the left on the far right,17141,118252,chatMessage,False
77,5ef79224ce2f7f58fcd0a993,pilot0,2391-2f396ec8-517f-4681-b366-51f930bcac22,1593283108354.0,32EYX73OY49GNJOD0YLK3713S84RUF,Pi,C,9.0,10,3,place a red on the blues left most tile that you just placed,16371,142217,chatMessage,False
78,5ef7923ace2f7f58fcd0a995,pilot0,2391-2f396ec8-517f-4681-b366-51f930bcac22,1593283130753.0,32EYX73OY49GNJOD0YLK3713S84RUF,Pi,C,9.0,12,3,place a red above that one,7882,164619,chatMessage,False
79,5ef79261ce2f7f58fcd0a997,pilot0,2391-2f396ec8-517f-4681-b366-51f930bcac22,1593283169187.0,32EYX73OY49GNJOD0YLK3713S84RUF,Pi,C,9.0,14,3,place a blue above that red going rightward ,19435,203060,chatMessage,False
80,5ef79278ce2f7f58fcd0a99a,pilot0,2391-2f396ec8-517f-4681-b366-51f930bcac22,1593283192895.0,32EYX73OY49GNJOD0YLK3713S84RUF,Pi,L,10.0,0,3,place a red 1 to the right of left side,14228,14228,chatMessage,False
81,5ef7928bce2f7f58fcd0a99c,pilot0,2391-2f396ec8-517f-4681-b366-51f930bcac22,1593283211555.0,32EYX73OY49GNJOD0YLK3713S84RUF,Pi,L,10.0,2,3,place a blue above that going rightward,11992,32887,chatMessage,False
82,5ef7929cce2f7f58fcd0a99e,pilot0,2391-2f396ec8-517f-4681-b366-51f930bcac22,1593283228642.0,32EYX73OY49GNJOD0YLK3713S84RUF,Pi,L,10.0,4,3,place a red 2 to the right of the first red,11342,49963,chatMessage,False
83,5ef792afce2f7f58fcd0a9a0,pilot0,2391-2f396ec8-517f-4681-b366-51f930bcac22,1593283247961.0,32EYX73OY49GNJOD0YLK3713S84RUF,Pi,L,10.0,6,3,place another blue above that red connecting to the other blue,12536,69295,chatMessage,False
84,5ef792bfce2f7f58fcd0a9a2,pilot0,2391-2f396ec8-517f-4681-b366-51f930bcac22,1593283263921.0,32EYX73OY49GNJOD0YLK3713S84RUF,Pi,L,10.0,8,3,place a blue 1 to the left of the right side,11554,85254,chatMessage,False
85,5ef792d5ce2f7f58fcd0a9a4,pilot0,2391-2f396ec8-517f-4681-b366-51f930bcac22,1593283285014.0,32EYX73OY49GNJOD0YLK3713S84RUF,Pi,L,10.0,10,3,place another blue next to that one going left,14312,106349,chatMessage,False
86,5ef792e7ce2f7f58fcd0a9a6,pilot0,2391-2f396ec8-517f-4681-b366-51f930bcac22,1593283303102.0,32EYX73OY49GNJOD0YLK3713S84RUF,Pi,L,10.0,12,3,place a red above that blues left most tile,11874,124438,chatMessage,False
87,5ef792f8ce2f7f58fcd0a9a8,pilot0,2391-2f396ec8-517f-4681-b366-51f930bcac22,1593283320178.0,32EYX73OY49GNJOD0YLK3713S84RUF,Pi,L,10.0,14,3,place another ed above that one,7912,141514,chatMessage,False
88,5ef7930fce2f7f58fcd0a9ab,pilot0,2391-2f396ec8-517f-4681-b366-51f930bcac22,1593283343089.0,32EYX73OY49GNJOD0YLK3713S84RUF,C,L,11.0,0,3,place a blue 2 to the right of left side ,13568,13568,chatMessage,False
89,5ef79322ce2f7f58fcd0a9ad,pilot0,2391-2f396ec8-517f-4681-b366-51f930bcac22,1593283362199.0,32EYX73OY49GNJOD0YLK3713S84RUF,C,L,11.0,2,3,place a red above that blues left most tile ,11265,32679,chatMessage,False
90,5ef7932ece2f7f58fcd0a9af,pilot0,2391-2f396ec8-517f-4681-b366-51f930bcac22,1593283374605.0,32EYX73OY49GNJOD0YLK3713S84RUF,C,L,11.0,4,3,place another red above that one,7477,45084,chatMessage,False
91,5ef7933dce2f7f58fcd0a9b1,pilot0,2391-2f396ec8-517f-4681-b366-51f930bcac22,1593283389525.0,32EYX73OY49GNJOD0YLK3713S84RUF,C,L,11.0,6,3,place a blue above that red going rightward,10445,59991,chatMessage,False
92,5ef7934fce2f7f58fcd0a9b3,pilot0,2391-2f396ec8-517f-4681-b366-51f930bcac22,1593283407540.0,32EYX73OY49GNJOD0YLK3713S84RUF,C,L,11.0,8,3,place a blue 1 to the left of right side,12871,78018,chatMessage,False
93,5ef79362ce2f7f58fcd0a9b5,pilot0,2391-2f396ec8-517f-4681-b366-51f930bcac22,1593283426581.0,32EYX73OY49GNJOD0YLK3713S84RUF,C,L,11.0,10,3,place another blue next to that one going leftward,13693,97062,chatMessage,False
94,5ef79378ce2f7f58fcd0a9b7,pilot0,2391-2f396ec8-517f-4681-b366-51f930bcac22,1593283448600.0,32EYX73OY49GNJOD0YLK3713S84RUF,C,L,11.0,12,3,place a red above that blues left most tile,17216,119080,chatMessage,False
95,5ef79386ce2f7f58fcd0a9b9,pilot0,2391-2f396ec8-517f-4681-b366-51f930bcac22,1593283462142.0,32EYX73OY49GNJOD0YLK3713S84RUF,C,L,11.0,14,3,place another red above that one,7608,132625,chatMessage,False
0,5ef783dfce2f7f58fcd0a35d,pilot0,2461-b9a83dc7-d6fc-4939-a889-9d4739a87dc6,1593279455711.0,338JKRMM2AZJJGWCYOSZP2N3YWEHAW,horizontal,vertical,,0,practice,red blocks sideways,25329,25329,chatMessage,True
1,5ef78400ce2f7f58fcd0a364,pilot0,2461-b9a83dc7-d6fc-4939-a889-9d4739a87dc6,1593279488057.0,338JKRMM2AZJJGWCYOSZP2N3YWEHAW,horizontal,vertical,,2,practice,one pair sideways the other vertical,16606,57674,chatMessage,True
2,5ef78423ce2f7f58fcd0a36c,pilot0,2461-b9a83dc7-d6fc-4939-a889-9d4739a87dc6,1593279523391.0,338JKRMM2AZJJGWCYOSZP2N3YWEHAW,horizontal,vertical,,4,practice,red block horizontal blue block vertical,20590,93006,chatMessage,True
3,5ef78454ce2f7f58fcd0a37a,pilot0,2461-b9a83dc7-d6fc-4939-a889-9d4739a87dc6,1593279572091.0,338JKRMM2AZJJGWCYOSZP2N3YWEHAW,horizontal,vertical,,0,practice,red blocks horizontal blue blocks vertical,24094,24094,chatMessage,True
4,5ef7848bce2f7f58fcd0a389,pilot0,2461-b9a83dc7-d6fc-4939-a889-9d4739a87dc6,1593279627573.0,338JKRMM2AZJJGWCYOSZP2N3YWEHAW,horizontal,vertical,,0,practice,"one pair of blocks horizontal, start on the third grid, other pair fourth grid from the right vertic",30462,30462,chatMessage,True
5,5ef784bcce2f7f58fcd0a396,pilot0,2461-b9a83dc7-d6fc-4939-a889-9d4739a87dc6,1593279676900.0,338JKRMM2AZJJGWCYOSZP2N3YWEHAW,L,C,0.0,0,0,start second grid from left 5 vertical,27740,27740,chatMessage,False
6,5ef784dece2f7f58fcd0a3a2,pilot0,2461-b9a83dc7-d6fc-4939-a889-9d4739a87dc6,1593279710694.0,338JKRMM2AZJJGWCYOSZP2N3YWEHAW,L,C,0.0,2,0,place three blocks on top of those two,10291,61533,chatMessage,False
7,5ef784f7ce2f7f58fcd0a3a9,pilot0,2461-b9a83dc7-d6fc-4939-a889-9d4739a87dc6,1593279735071.0,338JKRMM2AZJJGWCYOSZP2N3YWEHAW,L,C,0.0,4,0,one more block on top,6601,85912,chatMessage,False
8,5ef78510ce2f7f58fcd0a3b0,pilot0,2461-b9a83dc7-d6fc-4939-a889-9d4739a87dc6,1593279760401.0,338JKRMM2AZJJGWCYOSZP2N3YWEHAW,L,C,0.0,6,0,next to vertical column place three horizontal,13988,111241,chatMessage,False
9,5ef78524ce2f7f58fcd0a3b6,pilot0,2461-b9a83dc7-d6fc-4939-a889-9d4739a87dc6,1593279780077.0,338JKRMM2AZJJGWCYOSZP2N3YWEHAW,L,C,0.0,8,0,one more horizontal block,10032,130917,chatMessage,False
10,5ef78542ce2f7f58fcd0a3bd,pilot0,2461-b9a83dc7-d6fc-4939-a889-9d4739a87dc6,1593279810793.0,338JKRMM2AZJJGWCYOSZP2N3YWEHAW,L,C,0.0,10,0,"next configuration start third grid from right, place one block",24234,161633,chatMessage,False
11,5ef7856fce2f7f58fcd0a3c5,pilot0,2461-b9a83dc7-d6fc-4939-a889-9d4739a87dc6,1593279855856.0,338JKRMM2AZJJGWCYOSZP2N3YWEHAW,L,C,0.0,12,0,to the left of one block place vertical column of 6 blocks,30751,206697,chatMessage,False
12,5ef78597ce2f7f58fcd0a3d1,pilot0,2461-b9a83dc7-d6fc-4939-a889-9d4739a87dc6,1593279895419.0,338JKRMM2AZJJGWCYOSZP2N3YWEHAW,C,Pi,1.0,0,0,3rd grid from left start horizontal two blocks,22169,22169,chatMessage,False
13,5ef785b1ce2f7f58fcd0a3d7,pilot0,2461-b9a83dc7-d6fc-4939-a889-9d4739a87dc6,1593279921802.0,338JKRMM2AZJJGWCYOSZP2N3YWEHAW,C,Pi,1.0,2,0,starting on top 3rd grid place 5 vertical blocks,17507,48552,chatMessage,False
14,5ef785c9ce2f7f58fcd0a3de,pilot0,2461-b9a83dc7-d6fc-4939-a889-9d4739a87dc6,1593279945143.0,338JKRMM2AZJJGWCYOSZP2N3YWEHAW,C,Pi,1.0,4,0,on top of thatplace 2 horizontal blocks,13025,71895,chatMessage,False
15,5ef785e2ce2f7f58fcd0a3e6,pilot0,2461-b9a83dc7-d6fc-4939-a889-9d4739a87dc6,1593279970899.0,338JKRMM2AZJJGWCYOSZP2N3YWEHAW,C,Pi,1.0,6,0,"next configuration start 2nd grid from right, place vertical 3 blocks",20348,97649,chatMessage,False
16,5ef785ffce2f7f58fcd0a3ed,pilot0,2461-b9a83dc7-d6fc-4939-a889-9d4739a87dc6,1593279999235.0,338JKRMM2AZJJGWCYOSZP2N3YWEHAW,C,Pi,1.0,8,0,on top of those two place horizontal 4 blocks going left,12000,125985,chatMessage,False
17,5ef78624ce2f7f58fcd0a3fb,pilot0,2461-b9a83dc7-d6fc-4939-a889-9d4739a87dc6,1593280036967.0,338JKRMM2AZJJGWCYOSZP2N3YWEHAW,C,Pi,1.0,10,0,two more to the left of those two horizontal,8909,163717,chatMessage,False
18,5ef78648ce2f7f58fcd0a408,pilot0,2461-b9a83dc7-d6fc-4939-a889-9d4739a87dc6,1593280072330.0,338JKRMM2AZJJGWCYOSZP2N3YWEHAW,C,Pi,1.0,12,0,"wrong placement, need to be connected to two horizontal already ( to the left)",23624,199080,chatMessage,False
19,5ef78675ce2f7f58fcd0a416,pilot0,2461-b9a83dc7-d6fc-4939-a889-9d4739a87dc6,1593280117574.0,338JKRMM2AZJJGWCYOSZP2N3YWEHAW,C,Pi,1.0,14,0,place two more horizontal blocks to the left of the blocks already horzintal,31548,244325,chatMessage,False
20,5ef78691ce2f7f58fcd0a422,pilot0,2461-b9a83dc7-d6fc-4939-a889-9d4739a87dc6,1593280145814.0,338JKRMM2AZJJGWCYOSZP2N3YWEHAW,L,Pi,2.0,0,0,start 2nd grid from left 5 vertical blocks,15578,15578,chatMessage,False
21,5ef786a1ce2f7f58fcd0a430,pilot0,2461-b9a83dc7-d6fc-4939-a889-9d4739a87dc6,1593280161478.0,338JKRMM2AZJJGWCYOSZP2N3YWEHAW,L,Pi,2.0,2,0,one more on top of that,5992,31242,chatMessage,False
22,5ef786bcce2f7f58fcd0a43b,pilot0,2461-b9a83dc7-d6fc-4939-a889-9d4739a87dc6,1593280188417.0,338JKRMM2AZJJGWCYOSZP2N3YWEHAW,L,Pi,2.0,4,0,to immediate bottom right place 3 horizontal blocks,22861,58180,chatMessage,False
23,5ef786dbce2f7f58fcd0a449,pilot0,2461-b9a83dc7-d6fc-4939-a889-9d4739a87dc6,1593280219981.0,338JKRMM2AZJJGWCYOSZP2N3YWEHAW,L,Pi,2.0,6,0,next configuration start 2nd from right place 3 vertical blocks,23348,89745,chatMessage,False
24,5ef78701ce2f7f58fcd0a461,pilot0,2461-b9a83dc7-d6fc-4939-a889-9d4739a87dc6,1593280257484.0,338JKRMM2AZJJGWCYOSZP2N3YWEHAW,L,Pi,2.0,8,0,to the left of that place 3 horizontal blocks (start to the left of top vertical block),29544,127247,chatMessage,False
25,5ef78732ce2f7f58fcd0a478,pilot0,2461-b9a83dc7-d6fc-4939-a889-9d4739a87dc6,1593280306793.0,338JKRMM2AZJJGWCYOSZP2N3YWEHAW,Pi,L,3.0,0,1,start 2nd grid from left 3 vertical blocks,22710,22710,chatMessage,False
26,5ef78755ce2f7f58fcd0a489,pilot0,2461-b9a83dc7-d6fc-4939-a889-9d4739a87dc6,1593280341337.0,338JKRMM2AZJJGWCYOSZP2N3YWEHAW,Pi,L,3.0,2,1,to the right place 3 horizontal blocks ( need to place them directly to the right of top block),24851,57253,chatMessage,False
27,5ef78783ce2f7f58fcd0a4a3,pilot0,2461-b9a83dc7-d6fc-4939-a889-9d4739a87dc6,1593280387600.0,338JKRMM2AZJJGWCYOSZP2N3YWEHAW,Pi,L,3.0,4,1,"wrong placement, put them next to top vertical block not at bottom of grid",26680,103516,chatMessage,False
28,5ef787aece2f7f58fcd0a4bf,pilot0,2461-b9a83dc7-d6fc-4939-a889-9d4739a87dc6,1593280430832.0,338JKRMM2AZJJGWCYOSZP2N3YWEHAW,Pi,L,3.0,6,1,3 horizontal blocks starting 3rd row next to vertical column,36612,146749,chatMessage,False
29,5ef787cbce2f7f58fcd0a4d4,pilot0,2461-b9a83dc7-d6fc-4939-a889-9d4739a87dc6,1593280459130.0,338JKRMM2AZJJGWCYOSZP2N3YWEHAW,Pi,L,3.0,8,1,3 vertical blocks next to that,14381,175047,chatMessage,False
30,5ef787dbce2f7f58fcd0a4e3,pilot0,2461-b9a83dc7-d6fc-4939-a889-9d4739a87dc6,1593280475891.0,338JKRMM2AZJJGWCYOSZP2N3YWEHAW,Pi,L,3.0,10,1,two vertical blocks to right,9625,191808,chatMessage,False
31,5ef787fdce2f7f58fcd0a500,pilot0,2461-b9a83dc7-d6fc-4939-a889-9d4739a87dc6,1593280509843.0,338JKRMM2AZJJGWCYOSZP2N3YWEHAW,Pi,C,4.0,0,1,"lets try again, same configuration as last time~~~ 3 vertical blocks 2nd grid from left",26419,26419,chatMessage,False
32,5ef78834ce2f7f58fcd0a52a,pilot0,2461-b9a83dc7-d6fc-4939-a889-9d4739a87dc6,1593280564565.0,338JKRMM2AZJJGWCYOSZP2N3YWEHAW,Pi,C,4.0,2,1,DO NOT DO WHAT YOU DID LAST TIME~~~ place 3 horizontal blocks directly next to 3rd top block,35369,81141,chatMessage,False
33,5ef78865ce2f7f58fcd0a554,pilot0,2461-b9a83dc7-d6fc-4939-a889-9d4739a87dc6,1593280613885.0,338JKRMM2AZJJGWCYOSZP2N3YWEHAW,Pi,C,4.0,4,1,WRONG~~~ i said next to not on top of~~~ place 3 horizontal blocks to the right of 3rd top block,24144,130460,chatMessage,False
34,5ef7889dce2f7f58fcd0a57b,pilot0,2461-b9a83dc7-d6fc-4939-a889-9d4739a87dc6,1593280669250.0,338JKRMM2AZJJGWCYOSZP2N3YWEHAW,Pi,C,4.0,6,1,are you reading what i am writing? 3rd row place 3 horizontal next to vertical block,35272,185826,chatMessage,False
35,5ef788cece2f7f58fcd0a5a1,pilot0,2461-b9a83dc7-d6fc-4939-a889-9d4739a87dc6,1593280718008.0,338JKRMM2AZJJGWCYOSZP2N3YWEHAW,Pi,C,4.0,8,1,"i said next to top vertical block, blahhhhh~~~ on top of that place 2 vertical blocks",25103,234584,chatMessage,False
36,5ef788f2ce2f7f58fcd0a5bc,pilot0,2461-b9a83dc7-d6fc-4939-a889-9d4739a87dc6,1593280754114.0,338JKRMM2AZJJGWCYOSZP2N3YWEHAW,C,L,5.0,0,1,3rd grid from left 6 vertical blocks,21411,21411,chatMessage,False
37,5ef78927ce2f7f58fcd0a5e4,pilot0,2461-b9a83dc7-d6fc-4939-a889-9d4739a87dc6,1593280807316.0,338JKRMM2AZJJGWCYOSZP2N3YWEHAW,C,L,5.0,2,1,PLEASE READ CAREFULLY~~~ next to the 6th block place one block directly next to it horizontally on rig,33285,74612,chatMessage,False
38,5ef78960ce2f7f58fcd0a60f,pilot0,2461-b9a83dc7-d6fc-4939-a889-9d4739a87dc6,1593280864726.0,338JKRMM2AZJJGWCYOSZP2N3YWEHAW,C,L,5.0,4,1,on bottom of vertical block place one horizontal to right,27397,132021,chatMessage,False
39,5ef7898bce2f7f58fcd0a62a,pilot0,2461-b9a83dc7-d6fc-4939-a889-9d4739a87dc6,1593280907747.0,338JKRMM2AZJJGWCYOSZP2N3YWEHAW,C,L,5.0,6,1,next configuration place 4 horizontal blocks starting second grid from right,32392,175042,chatMessage,False
40,5ef7899cce2f7f58fcd0a633,pilot0,2461-b9a83dc7-d6fc-4939-a889-9d4739a87dc6,1593280924004.0,338JKRMM2AZJJGWCYOSZP2N3YWEHAW,C,L,5.0,8,1,i said HORIZONTAL  not vertical,7544,191300,chatMessage,False
41,5ef789d1ce2f7f58fcd0a64d,pilot0,2461-b9a83dc7-d6fc-4939-a889-9d4739a87dc6,1593280977798.0,338JKRMM2AZJJGWCYOSZP2N3YWEHAW,L,Pi,6.0,0,2,honestly i give up~~~ this bonus is not worth it~~~ do what you want,41034,41034,chatMessage,False
42,5ef789f3ce2f7f58fcd0a66c,pilot0,2461-b9a83dc7-d6fc-4939-a889-9d4739a87dc6,1593281011103.0,338JKRMM2AZJJGWCYOSZP2N3YWEHAW,C,Pi,7.0,0,2,keep goingggggg,7767,7767,chatMessage,False
43,5ef78a09ce2f7f58fcd0a684,pilot0,2461-b9a83dc7-d6fc-4939-a889-9d4739a87dc6,1593281033558.0,338JKRMM2AZJJGWCYOSZP2N3YWEHAW,L,C,8.0,0,2,morreeeeee,4700,4700,chatMessage,False
44,5ef78a1fce2f7f58fcd0a699,pilot0,2461-b9a83dc7-d6fc-4939-a889-9d4739a87dc6,1593281055806.0,338JKRMM2AZJJGWCYOSZP2N3YWEHAW,C,L,9.0,0,3,go crazyyyyyy,4223,4223,chatMessage,False
45,5ef78a3cce2f7f58fcd0a6b1,pilot0,2461-b9a83dc7-d6fc-4939-a889-9d4739a87dc6,1593281084434.0,338JKRMM2AZJJGWCYOSZP2N3YWEHAW,Pi,C,10.0,0,3,if you build it they will come,7378,7378,chatMessage,False
46,5ef78a57ce2f7f58fcd0a6c3,pilot0,2461-b9a83dc7-d6fc-4939-a889-9d4739a87dc6,1593281111472.0,338JKRMM2AZJJGWCYOSZP2N3YWEHAW,Pi,L,11.0,0,3,i'm so proud,4210,4210,chatMessage,False
0,5ef783d5ce2f7f58fcd0a35c,pilot0,3224-ea79f879-98a3-43a8-8976-f941c8b8790d,1593279445822.0,3VHP9MDGRRKNYZ24NC0QSC1EIKMCFV,vertical,horizontal,,0,practice,Place red block directly to the left of the left tick mark~~~ Place blue in middle of right tick~~~,53556,53556,chatMessage,True
1,5ef78425ce2f7f58fcd0a36d,pilot0,3224-ea79f879-98a3-43a8-8976-f941c8b8790d,1593279525373.0,3VHP9MDGRRKNYZ24NC0QSC1EIKMCFV,C,Pi,0.0,0,0,Place blue in middle of left tick~~~ Stack 2 reds on top of the left side of the blue block ,51971,51971,chatMessage,False
2,5ef78451ce2f7f58fcd0a379,pilot0,3224-ea79f879-98a3-43a8-8976-f941c8b8790d,1593279569102.0,3VHP9MDGRRKNYZ24NC0QSC1EIKMCFV,C,Pi,0.0,2,0,"Place blue block on top of the red you just placed so it looks like an elongated ""C~~~""
",22802,95717,chatMessage,False
3,5ef7847bce2f7f58fcd0a385,pilot0,3224-ea79f879-98a3-43a8-8976-f941c8b8790d,1593279611012.0,3VHP9MDGRRKNYZ24NC0QSC1EIKMCFV,C,Pi,0.0,4,0,Place red block two spaces from the right red tick~~~ This means there's 1 empty space to the tick,34751,137622,chatMessage,False
4,5ef784b2ce2f7f58fcd0a394,pilot0,3224-ea79f879-98a3-43a8-8976-f941c8b8790d,1593279666680.0,3VHP9MDGRRKNYZ24NC0QSC1EIKMCFV,C,Pi,0.0,6,0,Count two spaces from the red tick to the right and place the red block in that 2nd space~~~,30580,193287,chatMessage,False
5,5ef784ddce2f7f58fcd0a3a1,pilot0,3224-ea79f879-98a3-43a8-8976-f941c8b8790d,1593279709068.0,3VHP9MDGRRKNYZ24NC0QSC1EIKMCFV,C,Pi,0.0,8,0,"Do the same, place a red counting two blocks but this time to the left of the tick~~~",26595,235672,chatMessage,False
6,5ef78517ce2f7f58fcd0a3b1,pilot0,3224-ea79f879-98a3-43a8-8976-f941c8b8790d,1593279767299.0,3VHP9MDGRRKNYZ24NC0QSC1EIKMCFV,C,Pi,0.0,10,0,Place a blue block on top of the right red block~~~ Place it so it goes towards the left,44804,293901,chatMessage,False
7,5ef7853bce2f7f58fcd0a3bb,pilot0,3224-ea79f879-98a3-43a8-8976-f941c8b8790d,1593279803681.0,3VHP9MDGRRKNYZ24NC0QSC1EIKMCFV,C,Pi,0.0,12,0,Place a blue block on the rightmost red block so that the end is going to the left~~~,30078,330289,chatMessage,False
8,5ef78568ce2f7f58fcd0a3c4,pilot0,3224-ea79f879-98a3-43a8-8976-f941c8b8790d,1593279848667.0,3VHP9MDGRRKNYZ24NC0QSC1EIKMCFV,L,Pi,1.0,0,0,"Place 2 blue blocks, each directly next to the left red line~~~",28956,28956,chatMessage,False
9,5ef78592ce2f7f58fcd0a3d0,pilot0,3224-ea79f879-98a3-43a8-8976-f941c8b8790d,1593279890518.0,3VHP9MDGRRKNYZ24NC0QSC1EIKMCFV,L,Pi,1.0,2,0,"Place a red block on top of the leftmost blue square~~~ Place another on top of the red (makes an ""L"")",24932,70807,chatMessage,False
10,5ef785b9ce2f7f58fcd0a3da,pilot0,3224-ea79f879-98a3-43a8-8976-f941c8b8790d,1593279929435.0,3VHP9MDGRRKNYZ24NC0QSC1EIKMCFV,L,Pi,1.0,4,0,Place red block two spaces from the right line similar to last trial,23714,109721,chatMessage,False
11,5ef785d4ce2f7f58fcd0a3e2,pilot0,3224-ea79f879-98a3-43a8-8976-f941c8b8790d,1593279956327.0,3VHP9MDGRRKNYZ24NC0QSC1EIKMCFV,L,Pi,1.0,6,0,"Do the same on the other side with a red block

",15518,136620,chatMessage,False
12,5ef785eace2f7f58fcd0a3e7,pilot0,3224-ea79f879-98a3-43a8-8976-f941c8b8790d,1593279978167.0,3VHP9MDGRRKNYZ24NC0QSC1EIKMCFV,L,Pi,1.0,8,0,Place a blue on the rightmost red block so its end is facing to the left,16116,158445,chatMessage,False
13,5ef78601ce2f7f58fcd0a3ee,pilot0,3224-ea79f879-98a3-43a8-8976-f941c8b8790d,1593280001246.0,3VHP9MDGRRKNYZ24NC0QSC1EIKMCFV,L,Pi,1.0,10,0,Place a blue on the other red block so the two blue ends are touching now,13038,181534,chatMessage,False
14,5ef78625ce2f7f58fcd0a3fc,pilot0,3224-ea79f879-98a3-43a8-8976-f941c8b8790d,1593280037927.0,3VHP9MDGRRKNYZ24NC0QSC1EIKMCFV,L,C,2.0,0,0,"Left tower shape will be the L again (start with the two blue blocks, each on the side of the line)~~~",24966,24966,chatMessage,False
15,5ef78652ce2f7f58fcd0a40a,pilot0,3224-ea79f879-98a3-43a8-8976-f941c8b8790d,1593280082660.0,3VHP9MDGRRKNYZ24NC0QSC1EIKMCFV,L,C,2.0,2,0,Place a blue block over the right line so there's a square on each side of the line~~~,15832,69695,chatMessage,False
16,5ef78672ce2f7f58fcd0a415,pilot0,3224-ea79f879-98a3-43a8-8976-f941c8b8790d,1593280114887.0,3VHP9MDGRRKNYZ24NC0QSC1EIKMCFV,L,C,2.0,4,0,Place two reds on top of the left blue square (right tower),26745,101930,chatMessage,False
17,5ef78694ce2f7f58fcd0a423,pilot0,3224-ea79f879-98a3-43a8-8976-f941c8b8790d,1593280148976.0,3VHP9MDGRRKNYZ24NC0QSC1EIKMCFV,L,C,2.0,6,0,"Place a blue on top making the ""C"" again (we will refer to this design as the C tower going forward)",19584,136013,chatMessage,False
18,5ef786b0ce2f7f58fcd0a436,pilot0,3224-ea79f879-98a3-43a8-8976-f941c8b8790d,1593280176927.0,3VHP9MDGRRKNYZ24NC0QSC1EIKMCFV,C,L,3.0,0,1,"C tower, left side (blue in the middle of the tick, build up, make the C)",16815,16815,chatMessage,False
19,5ef786dcce2f7f58fcd0a44a,pilot0,3224-ea79f879-98a3-43a8-8976-f941c8b8790d,1593280220742.0,3VHP9MDGRRKNYZ24NC0QSC1EIKMCFV,C,L,3.0,2,1,"L tower, right side (two blues on each side of red line, 2 reds up on left side to make the L)",19020,60625,chatMessage,False
20,5ef786ffce2f7f58fcd0a460,pilot0,3224-ea79f879-98a3-43a8-8976-f941c8b8790d,1593280255486.0,3VHP9MDGRRKNYZ24NC0QSC1EIKMCFV,Pi,L,4.0,0,1,"L tower again, right side (blue on each side of right red line)",15079,15079,chatMessage,False
21,5ef7872ace2f7f58fcd0a475,pilot0,3224-ea79f879-98a3-43a8-8976-f941c8b8790d,1593280298705.0,3VHP9MDGRRKNYZ24NC0QSC1EIKMCFV,Pi,L,4.0,2,1,2 reds on each side of the left line leaving a space empty (this will be the arch shape again)~~~,28563,58299,chatMessage,False
22,5ef78759ce2f7f58fcd0a48a,pilot0,3224-ea79f879-98a3-43a8-8976-f941c8b8790d,1593280345600.0,3VHP9MDGRRKNYZ24NC0QSC1EIKMCFV,Pi,C,5.0,0,1,"Arch shape, left side~~~ C shape, right side (place the blue block in the middle of the right line)~~~",21269,21269,chatMessage,False
23,5ef78792ce2f7f58fcd0a4ac,pilot0,3224-ea79f879-98a3-43a8-8976-f941c8b8790d,1593280402753.0,3VHP9MDGRRKNYZ24NC0QSC1EIKMCFV,C,Pi,6.0,0,2,"C shape, left side~~~ Arch shape, right side (same positions as always)",16765,16765,chatMessage,False
24,5ef787c3ce2f7f58fcd0a4ce,pilot0,3224-ea79f879-98a3-43a8-8976-f941c8b8790d,1593280451006.0,3VHP9MDGRRKNYZ24NC0QSC1EIKMCFV,L,C,7.0,0,2,"L shape on the left, C shape on the right",13174,13174,chatMessage,False
25,5ef787f3ce2f7f58fcd0a4f5,pilot0,3224-ea79f879-98a3-43a8-8976-f941c8b8790d,1593280499690.0,3VHP9MDGRRKNYZ24NC0QSC1EIKMCFV,L,Pi,8.0,0,2,"L on the left, arch on the right~~~",8515,8515,chatMessage,False
26,5ef78819ce2f7f58fcd0a516,pilot0,3224-ea79f879-98a3-43a8-8976-f941c8b8790d,1593280537406.0,3VHP9MDGRRKNYZ24NC0QSC1EIKMCFV,Pi,C,9.0,0,3,"Arch on the left, C on the right",7615,7615,chatMessage,False
27,5ef78840ce2f7f58fcd0a533,pilot0,3224-ea79f879-98a3-43a8-8976-f941c8b8790d,1593280576733.0,3VHP9MDGRRKNYZ24NC0QSC1EIKMCFV,Pi,L,10.0,0,3,"Arch on the left, L on the right",6491,6491,chatMessage,False
28,5ef78870ce2f7f58fcd0a55a,pilot0,3224-ea79f879-98a3-43a8-8976-f941c8b8790d,1593280624016.0,3VHP9MDGRRKNYZ24NC0QSC1EIKMCFV,C,L,11.0,0,3,"C on the left, L on the right (and great job!)",13987,13987,chatMessage,False
0,5ef7861dce2f7f58fcd0a3f7,pilot0,3300-92747c2e-ca2a-48cd-996a-54fde9f489be,1593280029665.0,3UXUOQ9OKIXMQRQ0LF6NYPY9KTIA7N,vertical,horizontal,,0,practice,place it on three vertical,135354,135354,chatMessage,True
1,5ef78656ce2f7f58fcd0a40b,pilot0,3300-92747c2e-ca2a-48cd-996a-54fde9f489be,1593280086801.0,3UXUOQ9OKIXMQRQ0LF6NYPY9KTIA7N,vertical,horizontal,,0,practice,place it on three,19080,19080,chatMessage,True
2,5ef7867ace2f7f58fcd0a41a,pilot0,3300-92747c2e-ca2a-48cd-996a-54fde9f489be,1593280122399.0,3UXUOQ9OKIXMQRQ0LF6NYPY9KTIA7N,C,Pi,0.0,0,0,place down,11484,11484,chatMessage,False
3,5ef786abce2f7f58fcd0a433,pilot0,3300-92747c2e-ca2a-48cd-996a-54fde9f489be,1593280171910.0,3UXUOQ9OKIXMQRQ0LF6NYPY9KTIA7N,C,Pi,0.0,2,0,place 2 nd 4,15943,60987,chatMessage,False
4,5ef78708ce2f7f58fcd0a464,pilot0,3300-92747c2e-ca2a-48cd-996a-54fde9f489be,1593280264912.0,3UXUOQ9OKIXMQRQ0LF6NYPY9KTIA7N,C,Pi,0.0,4,0,place vertical,21476,153998,chatMessage,False
5,5ef78734ce2f7f58fcd0a47c,pilot0,3300-92747c2e-ca2a-48cd-996a-54fde9f489be,1593280308712.0,3UXUOQ9OKIXMQRQ0LF6NYPY9KTIA7N,L,Pi,1.0,0,0,place reverse L,15021,15021,chatMessage,False
6,5ef78761ce2f7f58fcd0a490,pilot0,3300-92747c2e-ca2a-48cd-996a-54fde9f489be,1593280353119.0,3UXUOQ9OKIXMQRQ0LF6NYPY9KTIA7N,L,Pi,1.0,2,0,place it doen,6737,59429,chatMessage,False
7,5ef78784ce2f7f58fcd0a4a4,pilot0,3300-92747c2e-ca2a-48cd-996a-54fde9f489be,1593280388534.0,3UXUOQ9OKIXMQRQ0LF6NYPY9KTIA7N,L,Pi,1.0,4,0,place down,13751,94636,chatMessage,False
8,5ef787adce2f7f58fcd0a4bd,pilot0,3300-92747c2e-ca2a-48cd-996a-54fde9f489be,1593280429724.0,3UXUOQ9OKIXMQRQ0LF6NYPY9KTIA7N,L,Pi,1.0,6,0,place again,11242,136032,chatMessage,False
9,5ef787c6ce2f7f58fcd0a4d2,pilot0,3300-92747c2e-ca2a-48cd-996a-54fde9f489be,1593280454811.0,3UXUOQ9OKIXMQRQ0LF6NYPY9KTIA7N,L,C,2.0,0,0,place L,11413,11413,chatMessage,False
10,5ef787edce2f7f58fcd0a4f3,pilot0,3300-92747c2e-ca2a-48cd-996a-54fde9f489be,1593280493422.0,3UXUOQ9OKIXMQRQ0LF6NYPY9KTIA7N,L,C,2.0,2,0,place C,7613,50235,chatMessage,False
11,5ef7881ece2f7f58fcd0a51a,pilot0,3300-92747c2e-ca2a-48cd-996a-54fde9f489be,1593280542349.0,3UXUOQ9OKIXMQRQ0LF6NYPY9KTIA7N,L,C,2.0,4,0,place it up,6480,99086,chatMessage,False
12,5ef78836ce2f7f58fcd0a52e,pilot0,3300-92747c2e-ca2a-48cd-996a-54fde9f489be,1593280566964.0,3UXUOQ9OKIXMQRQ0LF6NYPY9KTIA7N,Pi,C,3.0,0,1,Place small n,11592,11592,chatMessage,False
13,5ef7885cce2f7f58fcd0a54d,pilot0,3300-92747c2e-ca2a-48cd-996a-54fde9f489be,1593280604306.0,3UXUOQ9OKIXMQRQ0LF6NYPY9KTIA7N,Pi,C,3.0,2,1,place C again,8915,48987,chatMessage,False
14,5ef78885ce2f7f58fcd0a56b,pilot0,3300-92747c2e-ca2a-48cd-996a-54fde9f489be,1593280645192.0,3UXUOQ9OKIXMQRQ0LF6NYPY9KTIA7N,Pi,C,3.0,4,1,place it up,5552,89868,chatMessage,False
15,5ef7889dce2f7f58fcd0a57c,pilot0,3300-92747c2e-ca2a-48cd-996a-54fde9f489be,1593280669895.0,3UXUOQ9OKIXMQRQ0LF6NYPY9KTIA7N,Pi,L,4.0,0,1,Place n and L,11739,11739,chatMessage,False
16,5ef788bcce2f7f58fcd0a591,pilot0,3300-92747c2e-ca2a-48cd-996a-54fde9f489be,1593280700208.0,3UXUOQ9OKIXMQRQ0LF6NYPY9KTIA7N,Pi,L,4.0,2,1,Now go with L,11853,42051,chatMessage,False
17,5ef788f4ce2f7f58fcd0a5bf,pilot0,3300-92747c2e-ca2a-48cd-996a-54fde9f489be,1593280756570.0,3UXUOQ9OKIXMQRQ0LF6NYPY9KTIA7N,C,L,5.0,0,1,now C and L,18899,18899,chatMessage,False
18,5ef78913ce2f7f58fcd0a5d3,pilot0,3300-92747c2e-ca2a-48cd-996a-54fde9f489be,1593280787838.0,3UXUOQ9OKIXMQRQ0LF6NYPY9KTIA7N,C,L,5.0,2,1,Now L,6914,50184,chatMessage,False
19,5ef7893cce2f7f58fcd0a5ee,pilot0,3300-92747c2e-ca2a-48cd-996a-54fde9f489be,1593280828643.0,3UXUOQ9OKIXMQRQ0LF6NYPY9KTIA7N,C,Pi,6.0,0,2,now C and n,13149,13149,chatMessage,False
20,5ef78967ce2f7f58fcd0a611,pilot0,3300-92747c2e-ca2a-48cd-996a-54fde9f489be,1593280871102.0,3UXUOQ9OKIXMQRQ0LF6NYPY9KTIA7N,C,Pi,6.0,2,2,now n,8573,55587,chatMessage,False
21,5ef78989ce2f7f58fcd0a629,pilot0,3300-92747c2e-ca2a-48cd-996a-54fde9f489be,1593280905945.0,3UXUOQ9OKIXMQRQ0LF6NYPY9KTIA7N,L,Pi,7.0,0,2,now L and n,8407,8407,chatMessage,False
22,5ef789b6ce2f7f58fcd0a644,pilot0,3300-92747c2e-ca2a-48cd-996a-54fde9f489be,1593280950803.0,3UXUOQ9OKIXMQRQ0LF6NYPY9KTIA7N,L,Pi,7.0,2,2,place and fill it,10109,53266,chatMessage,False
23,5ef789d3ce2f7f58fcd0a64f,pilot0,3300-92747c2e-ca2a-48cd-996a-54fde9f489be,1593280979773.0,3UXUOQ9OKIXMQRQ0LF6NYPY9KTIA7N,L,C,8.0,0,2,Now L and C,11850,11850,chatMessage,False
24,5ef78a06ce2f7f58fcd0a682,pilot0,3300-92747c2e-ca2a-48cd-996a-54fde9f489be,1593281030626.0,3UXUOQ9OKIXMQRQ0LF6NYPY9KTIA7N,Pi,L,9.0,0,3,now n and L,9134,9134,chatMessage,False
25,5ef78a3ace2f7f58fcd0a6b0,pilot0,3300-92747c2e-ca2a-48cd-996a-54fde9f489be,1593281082515.0,3UXUOQ9OKIXMQRQ0LF6NYPY9KTIA7N,Pi,L,9.0,2,3,place upon it vertically,17641,60935,chatMessage,False
26,5ef78a56ce2f7f58fcd0a6c0,pilot0,3300-92747c2e-ca2a-48cd-996a-54fde9f489be,1593281110302.0,3UXUOQ9OKIXMQRQ0LF6NYPY9KTIA7N,C,L,10.0,0,3,now C and L,9156,9156,chatMessage,False
27,5ef78a92ce2f7f58fcd0a6e9,pilot0,3300-92747c2e-ca2a-48cd-996a-54fde9f489be,1593281170332.0,3UXUOQ9OKIXMQRQ0LF6NYPY9KTIA7N,Pi,C,11.0,0,3,now n and C,10101,10101,chatMessage,False
0,5ef785b3ce2f7f58fcd0a3d8,pilot0,3878-afb0aafe-768b-485b-9e69-251a58fcf3ff,1593279923641.0,3EICBYG648W331O062RB7AT6BR3CJY,horizontal,vertical,,0,practice,one horizontal two piece block on ,117018,117018,chatMessage,True
1,5ef785f9ce2f7f58fcd0a3ec,pilot0,3878-afb0aafe-768b-485b-9e69-251a58fcf3ff,1593279993907.0,3EICBYG648W331O062RB7AT6BR3CJY,horizontal,vertical,,2,practice,1 horizontal 2piece block on 3rdsquare last row,44497,187369,chatMessage,True
2,5ef7864cce2f7f58fcd0a409,pilot0,3878-afb0aafe-768b-485b-9e69-251a58fcf3ff,1593280076393.0,3EICBYG648W331O062RB7AT6BR3CJY,horizontal,vertical,,4,practice,4 squares from the blue block vertical 2 piece square,40570,269878,chatMessage,True
3,5ef7867fce2f7f58fcd0a41e,pilot0,3878-afb0aafe-768b-485b-9e69-251a58fcf3ff,1593280127081.0,3EICBYG648W331O062RB7AT6BR3CJY,horizontal,vertical,,0,practice,"same horizontal block but red
",24764,24764,chatMessage,True
4,5ef786cece2f7f58fcd0a445,pilot0,3878-afb0aafe-768b-485b-9e69-251a58fcf3ff,1593280206099.0,3EICBYG648W331O062RB7AT6BR3CJY,horizontal,vertical,,2,practice,5 squares from there vertical block,32651,103648,chatMessage,True
5,5ef78712ce2f7f58fcd0a46a,pilot0,3878-afb0aafe-768b-485b-9e69-251a58fcf3ff,1593280274988.0,3EICBYG648W331O062RB7AT6BR3CJY,horizontal,vertical,,0,practice,red horizontal two piece block on third square,34629,34629,chatMessage,True
6,5ef78750ce2f7f58fcd0a487,pilot0,3878-afb0aafe-768b-485b-9e69-251a58fcf3ff,1593280336758.0,3EICBYG648W331O062RB7AT6BR3CJY,horizontal,vertical,,2,practice,vertical 2 piece block on 9th square,37623,96414,chatMessage,True
7,5ef78785ce2f7f58fcd0a4a5,pilot0,3878-afb0aafe-768b-485b-9e69-251a58fcf3ff,1593280389190.0,3EICBYG648W331O062RB7AT6BR3CJY,C,Pi,0.0,0,0,horizontal 2 piece block on 3rd square,34042,34042,chatMessage,False
8,5ef787b5ce2f7f58fcd0a4c6,pilot0,3878-afb0aafe-768b-485b-9e69-251a58fcf3ff,1593280437774.0,3EICBYG648W331O062RB7AT6BR3CJY,C,Pi,0.0,2,0,place vertical 2 piece block on 3rd square on top of the block,31951,82615,chatMessage,False
9,5ef787dcce2f7f58fcd0a4e4,pilot0,3878-afb0aafe-768b-485b-9e69-251a58fcf3ff,1593280476604.0,3EICBYG648W331O062RB7AT6BR3CJY,C,Pi,0.0,4,0,repeat the same over the block,24164,121442,chatMessage,False
10,5ef787f3ce2f7f58fcd0a4f4,pilot0,3878-afb0aafe-768b-485b-9e69-251a58fcf3ff,1593280499006.0,3EICBYG648W331O062RB7AT6BR3CJY,C,Pi,0.0,6,0,now place an horizontal block over it,14002,143807,chatMessage,False
11,5ef7880bce2f7f58fcd0a50e,pilot0,3878-afb0aafe-768b-485b-9e69-251a58fcf3ff,1593280523841.0,3EICBYG648W331O062RB7AT6BR3CJY,C,Pi,0.0,8,0,on square 8 place vertical block,15859,168693,chatMessage,False
12,5ef78834ce2f7f58fcd0a529,pilot0,3878-afb0aafe-768b-485b-9e69-251a58fcf3ff,1593280564335.0,3EICBYG648W331O062RB7AT6BR3CJY,C,Pi,0.0,10,0,on square 11 place another vertical block,20315,209186,chatMessage,False
13,5ef78858ce2f7f58fcd0a54b,pilot0,3878-afb0aafe-768b-485b-9e69-251a58fcf3ff,1593280600624.0,3EICBYG648W331O062RB7AT6BR3CJY,C,Pi,0.0,12,0,on square 8 place horizontal block over vertical block,25261,245480,chatMessage,False
14,5ef7886fce2f7f58fcd0a558,pilot0,3878-afb0aafe-768b-485b-9e69-251a58fcf3ff,1593280623686.0,3EICBYG648W331O062RB7AT6BR3CJY,C,Pi,0.0,14,0,fill the gap with horizontal block,11851,268541,chatMessage,False
15,5ef788a5ce2f7f58fcd0a57f,pilot0,3878-afb0aafe-768b-485b-9e69-251a58fcf3ff,1593280677683.0,3EICBYG648W331O062RB7AT6BR3CJY,C,Pi,0.0,16,0,place horizontal block on square 11 over vertical ,30738,322536,chatMessage,False
16,5ef788c6ce2f7f58fcd0a599,pilot0,3878-afb0aafe-768b-485b-9e69-251a58fcf3ff,1593280710039.0,3EICBYG648W331O062RB7AT6BR3CJY,L,C,1.0,0,0,square 2 horizontal block,17302,17302,chatMessage,False
17,5ef788e3ce2f7f58fcd0a5b3,pilot0,3878-afb0aafe-768b-485b-9e69-251a58fcf3ff,1593280739126.0,3EICBYG648W331O062RB7AT6BR3CJY,L,C,1.0,2,0,square 4 horizontal block,17464,46395,chatMessage,False
18,5ef78902ce2f7f58fcd0a5c7,pilot0,3878-afb0aafe-768b-485b-9e69-251a58fcf3ff,1593280770806.0,3EICBYG648W331O062RB7AT6BR3CJY,L,C,1.0,4,0,square 2 V block over H block,14927,78091,chatMessage,False
19,5ef78923ce2f7f58fcd0a5e0,pilot0,3878-afb0aafe-768b-485b-9e69-251a58fcf3ff,1593280803481.0,3EICBYG648W331O062RB7AT6BR3CJY,L,C,1.0,6,0,square 2 V block over V block,20207,110766,chatMessage,False
20,5ef78938ce2f7f58fcd0a5eb,pilot0,3878-afb0aafe-768b-485b-9e69-251a58fcf3ff,1593280824379.0,3EICBYG648W331O062RB7AT6BR3CJY,L,C,1.0,8,0,square 9 H block,11609,131589,chatMessage,False
21,5ef78956ce2f7f58fcd0a602,pilot0,3878-afb0aafe-768b-485b-9e69-251a58fcf3ff,1593280854104.0,3EICBYG648W331O062RB7AT6BR3CJY,L,C,1.0,10,0,square 9 V block over H block,14481,161390,chatMessage,False
22,5ef78971ce2f7f58fcd0a617,pilot0,3878-afb0aafe-768b-485b-9e69-251a58fcf3ff,1593280881956.0,3EICBYG648W331O062RB7AT6BR3CJY,L,C,1.0,12,0,square 9 V block over V block,18996,189237,chatMessage,False
23,5ef78995ce2f7f58fcd0a62f,pilot0,3878-afb0aafe-768b-485b-9e69-251a58fcf3ff,1593280917039.0,3EICBYG648W331O062RB7AT6BR3CJY,L,C,1.0,14,0,place H block on V block sq 9,27840,224314,chatMessage,False
24,5ef789b2ce2f7f58fcd0a642,pilot0,3878-afb0aafe-768b-485b-9e69-251a58fcf3ff,1593280946519.0,3EICBYG648W331O062RB7AT6BR3CJY,L,Pi,2.0,0,0,sq 2 H blk,15531,15531,chatMessage,False
25,5ef789d2ce2f7f58fcd0a64e,pilot0,3878-afb0aafe-768b-485b-9e69-251a58fcf3ff,1593280978724.0,3EICBYG648W331O062RB7AT6BR3CJY,L,Pi,2.0,2,0,sq 4 H blk,10315,47731,chatMessage,False
26,5ef789edce2f7f58fcd0a667,pilot0,3878-afb0aafe-768b-485b-9e69-251a58fcf3ff,1593281005637.0,3EICBYG648W331O062RB7AT6BR3CJY,L,Pi,2.0,4,0,sq 2 V blk over H blk,16834,74627,chatMessage,False
27,5ef78a04ce2f7f58fcd0a67f,pilot0,3878-afb0aafe-768b-485b-9e69-251a58fcf3ff,1593281028715.0,3EICBYG648W331O062RB7AT6BR3CJY,L,Pi,2.0,6,0,V blk over V blk,15622,97729,chatMessage,False
28,5ef78a2cce2f7f58fcd0a6a9,pilot0,3878-afb0aafe-768b-485b-9e69-251a58fcf3ff,1593281068992.0,3EICBYG648W331O062RB7AT6BR3CJY,L,Pi,2.0,8,0,"sq 8 V blk 
This figure is like first picture right figure",34280,137995,chatMessage,False
29,5ef78a8cce2f7f58fcd0a6e7,pilot0,3878-afb0aafe-768b-485b-9e69-251a58fcf3ff,1593281164484.0,3EICBYG648W331O062RB7AT6BR3CJY,L,Pi,2.0,10,0,sq 8 V blk,9548,233473,chatMessage,False
30,5ef78aa4ce2f7f58fcd0a6f7,pilot0,3878-afb0aafe-768b-485b-9e69-251a58fcf3ff,1593281188406.0,3EICBYG648W331O062RB7AT6BR3CJY,L,Pi,2.0,12,0,sq 8 H blk over V blk,13194,257417,chatMessage,False
31,5ef78ac0ce2f7f58fcd0a707,pilot0,3878-afb0aafe-768b-485b-9e69-251a58fcf3ff,1593281216887.0,3EICBYG648W331O062RB7AT6BR3CJY,L,Pi,2.0,14,0,sq 11 V blk,22145,285904,chatMessage,False
32,5ef78ae2ce2f7f58fcd0a719,pilot0,3878-afb0aafe-768b-485b-9e69-251a58fcf3ff,1593281250111.0,3EICBYG648W331O062RB7AT6BR3CJY,L,Pi,2.0,16,0,sq 11 H blk over V,18454,319122,chatMessage,False
33,5ef78afdce2f7f58fcd0a729,pilot0,3878-afb0aafe-768b-485b-9e69-251a58fcf3ff,1593281277551.0,3EICBYG648W331O062RB7AT6BR3CJY,Pi,L,3.0,0,1,sq 2 V blk,15312,15312,chatMessage,False
34,5ef78b21ce2f7f58fcd0a733,pilot0,3878-afb0aafe-768b-485b-9e69-251a58fcf3ff,1593281313504.0,3EICBYG648W331O062RB7AT6BR3CJY,Pi,L,3.0,2,1,sq 2 H blk over V blk,29407,51264,chatMessage,False
35,5ef78b39ce2f7f58fcd0a739,pilot0,3878-afb0aafe-768b-485b-9e69-251a58fcf3ff,1593281337407.0,3EICBYG648W331O062RB7AT6BR3CJY,Pi,L,3.0,4,1,sq 5 V blk,14614,75169,chatMessage,False
36,5ef78b54ce2f7f58fcd0a73e,pilot0,3878-afb0aafe-768b-485b-9e69-251a58fcf3ff,1593281364069.0,3EICBYG648W331O062RB7AT6BR3CJY,Pi,L,3.0,6,1,fill the gap~~~ H blk over V blk,16416,101784,chatMessage,False
37,5ef78b78ce2f7f58fcd0a74e,pilot0,3878-afb0aafe-768b-485b-9e69-251a58fcf3ff,1593281400237.0,3EICBYG648W331O062RB7AT6BR3CJY,Pi,L,3.0,8,1,sq 8  H blk,25478,137872,chatMessage,False
38,5ef78b9ace2f7f58fcd0a75c,pilot0,3878-afb0aafe-768b-485b-9e69-251a58fcf3ff,1593281434326.0,3EICBYG648W331O062RB7AT6BR3CJY,Pi,L,3.0,10,1,sq 11 H blk,14060,172086,chatMessage,False
39,5ef78bc3ce2f7f58fcd0a76b,pilot0,3878-afb0aafe-768b-485b-9e69-251a58fcf3ff,1593281475405.0,3EICBYG648W331O062RB7AT6BR3CJY,Pi,L,3.0,12,1,sq 8 V blk over H blk,23843,213166,chatMessage,False
40,5ef78bdace2f7f58fcd0a776,pilot0,3878-afb0aafe-768b-485b-9e69-251a58fcf3ff,1593281498461.0,3EICBYG648W331O062RB7AT6BR3CJY,Pi,L,3.0,14,1,V blk over V blk,9760,236223,chatMessage,False
41,5ef78bf6ce2f7f58fcd0a786,pilot0,3878-afb0aafe-768b-485b-9e69-251a58fcf3ff,1593281526161.0,3EICBYG648W331O062RB7AT6BR3CJY,Pi,C,4.0,0,1,"place fast time is less
sq 2 H blk",18509,18509,chatMessage,False
42,5ef78c1fce2f7f58fcd0a797,pilot0,3878-afb0aafe-768b-485b-9e69-251a58fcf3ff,1593281567207.0,3EICBYG648W331O062RB7AT6BR3CJY,Pi,C,4.0,2,1,v blk over H blk,18642,59609,chatMessage,False
43,5ef78c3ece2f7f58fcd0a7a5,pilot0,3878-afb0aafe-768b-485b-9e69-251a58fcf3ff,1593281598268.0,3EICBYG648W331O062RB7AT6BR3CJY,Pi,C,4.0,4,1,sq 5 V blk,18231,90646,chatMessage,False
44,5ef78c55ce2f7f58fcd0a7aa,pilot0,3878-afb0aafe-768b-485b-9e69-251a58fcf3ff,1593281621514.0,3EICBYG648W331O062RB7AT6BR3CJY,Pi,C,4.0,6,1,H blk over V blk,15233,113937,chatMessage,False
45,5ef78c72ce2f7f58fcd0a7af,pilot0,3878-afb0aafe-768b-485b-9e69-251a58fcf3ff,1593281650778.0,3EICBYG648W331O062RB7AT6BR3CJY,Pi,C,4.0,8,1,9 sq H blk,16370,143188,chatMessage,False
46,5ef78ca6ce2f7f58fcd0a7b9,pilot0,3878-afb0aafe-768b-485b-9e69-251a58fcf3ff,1593281702787.0,3EICBYG648W331O062RB7AT6BR3CJY,Pi,C,4.0,10,1,9 sq H blk,11381,195216,chatMessage,False
47,5ef78cb5ce2f7f58fcd0a7bb,pilot0,3878-afb0aafe-768b-485b-9e69-251a58fcf3ff,1593281717546.0,3EICBYG648W331O062RB7AT6BR3CJY,Pi,C,4.0,12,1,V blk over H blk,8813,209894,chatMessage,False
48,5ef78cc7ce2f7f58fcd0a7c1,pilot0,3878-afb0aafe-768b-485b-9e69-251a58fcf3ff,1593281735450.0,3EICBYG648W331O062RB7AT6BR3CJY,Pi,C,4.0,14,1,V blk over V blk,10211,227875,chatMessage,False
49,5ef78cdcce2f7f58fcd0a7c4,pilot0,3878-afb0aafe-768b-485b-9e69-251a58fcf3ff,1593281756290.0,3EICBYG648W331O062RB7AT6BR3CJY,Pi,C,4.0,16,1,H blk over V blk,11419,248656,chatMessage,False
50,5ef78d10ce2f7f58fcd0a7ce,pilot0,3878-afb0aafe-768b-485b-9e69-251a58fcf3ff,1593281808507.0,3EICBYG648W331O062RB7AT6BR3CJY,Pi,C,4.0,18,1,5 sq H blk on left,43210,300935,chatMessage,False
51,5ef78d2bce2f7f58fcd0a7d3,pilot0,3878-afb0aafe-768b-485b-9e69-251a58fcf3ff,1593281835068.0,3EICBYG648W331O062RB7AT6BR3CJY,C,L,5.0,0,1,sq 3 H blk,9409,9409,chatMessage,False
52,5ef78d39ce2f7f58fcd0a7d7,pilot0,3878-afb0aafe-768b-485b-9e69-251a58fcf3ff,1593281849923.0,3EICBYG648W331O062RB7AT6BR3CJY,C,L,5.0,2,1,V blk over H blk,8736,24311,chatMessage,False
53,5ef78d44ce2f7f58fcd0a7da,pilot0,3878-afb0aafe-768b-485b-9e69-251a58fcf3ff,1593281860905.0,3EICBYG648W331O062RB7AT6BR3CJY,C,L,5.0,4,1,v over V,4991,35289,chatMessage,False
54,5ef78d51ce2f7f58fcd0a7de,pilot0,3878-afb0aafe-768b-485b-9e69-251a58fcf3ff,1593281873853.0,3EICBYG648W331O062RB7AT6BR3CJY,C,L,5.0,6,1,h ovr v,8308,48238,chatMessage,False
55,5ef78d63ce2f7f58fcd0a7e2,pilot0,3878-afb0aafe-768b-485b-9e69-251a58fcf3ff,1593281891819.0,3EICBYG648W331O062RB7AT6BR3CJY,C,L,5.0,8,1,sq 8 H blk,12085,66174,chatMessage,False
56,5ef78d75ce2f7f58fcd0a7e5,pilot0,3878-afb0aafe-768b-485b-9e69-251a58fcf3ff,1593281909467.0,3EICBYG648W331O062RB7AT6BR3CJY,C,L,5.0,10,1,sq 10 H blk,5967,83777,chatMessage,False
57,5ef78d8bce2f7f58fcd0a7e9,pilot0,3878-afb0aafe-768b-485b-9e69-251a58fcf3ff,1593281931245.0,3EICBYG648W331O062RB7AT6BR3CJY,C,L,5.0,12,1,sq 8 V blk over H blk,13339,105625,chatMessage,False
58,5ef78d9ace2f7f58fcd0a7ec,pilot0,3878-afb0aafe-768b-485b-9e69-251a58fcf3ff,1593281946794.0,3EICBYG648W331O062RB7AT6BR3CJY,C,L,5.0,14,1,v ovr v,5402,121186,chatMessage,False
59,5ef78daece2f7f58fcd0a7f7,pilot0,3878-afb0aafe-768b-485b-9e69-251a58fcf3ff,1593281966407.0,3EICBYG648W331O062RB7AT6BR3CJY,L,Pi,6.0,0,2,sq 2 h blk,9542,9542,chatMessage,False
60,5ef78dbcce2f7f58fcd0a7fa,pilot0,3878-afb0aafe-768b-485b-9e69-251a58fcf3ff,1593281980518.0,3EICBYG648W331O062RB7AT6BR3CJY,L,Pi,6.0,2,2,sq 4 h blk,8235,23649,chatMessage,False
61,5ef78dccce2f7f58fcd0a7fd,pilot0,3878-afb0aafe-768b-485b-9e69-251a58fcf3ff,1593281996510.0,3EICBYG648W331O062RB7AT6BR3CJY,L,Pi,6.0,4,2,sq 2 V over H,8637,39640,chatMessage,False
62,5ef78dd6ce2f7f58fcd0a7ff,pilot0,3878-afb0aafe-768b-485b-9e69-251a58fcf3ff,1593282006802.0,3EICBYG648W331O062RB7AT6BR3CJY,L,Pi,6.0,6,2,v over v,4357,49860,chatMessage,False
63,5ef78de2ce2f7f58fcd0a803,pilot0,3878-afb0aafe-768b-485b-9e69-251a58fcf3ff,1593282018043.0,3EICBYG648W331O062RB7AT6BR3CJY,L,Pi,6.0,8,2,sq 8 V blk,6470,61150,chatMessage,False
64,5ef78dfbce2f7f58fcd0a80d,pilot0,3878-afb0aafe-768b-485b-9e69-251a58fcf3ff,1593282043418.0,3EICBYG648W331O062RB7AT6BR3CJY,L,Pi,6.0,10,2,sq 8 H over V,7437,86535,chatMessage,False
65,5ef78e09ce2f7f58fcd0a812,pilot0,3878-afb0aafe-768b-485b-9e69-251a58fcf3ff,1593282057242.0,3EICBYG648W331O062RB7AT6BR3CJY,L,Pi,6.0,12,2,sq 11 V blk,7426,100367,chatMessage,False
66,5ef78e26ce2f7f58fcd0a818,pilot0,3878-afb0aafe-768b-485b-9e69-251a58fcf3ff,1593282086116.0,3EICBYG648W331O062RB7AT6BR3CJY,L,Pi,6.0,14,2,fill thegap H over V,18684,129243,chatMessage,False
67,5ef78e42ce2f7f58fcd0a820,pilot0,3878-afb0aafe-768b-485b-9e69-251a58fcf3ff,1593282114904.0,3EICBYG648W331O062RB7AT6BR3CJY,L,C,7.0,0,2,Same L figure sq 2 H blk,17723,17723,chatMessage,False
68,5ef78e59ce2f7f58fcd0a824,pilot0,3878-afb0aafe-768b-485b-9e69-251a58fcf3ff,1593282137586.0,3EICBYG648W331O062RB7AT6BR3CJY,L,C,7.0,2,2,sq 4 H blk,10676,40335,chatMessage,False
69,5ef78e6dce2f7f58fcd0a82a,pilot0,3878-afb0aafe-768b-485b-9e69-251a58fcf3ff,1593282157597.0,3EICBYG648W331O062RB7AT6BR3CJY,L,C,7.0,4,2,sq 2 v over h,5821,60261,chatMessage,False
70,5ef78e7ece2f7f58fcd0a832,pilot0,3878-afb0aafe-768b-485b-9e69-251a58fcf3ff,1593282174827.0,3EICBYG648W331O062RB7AT6BR3CJY,L,C,7.0,6,2,v ovr v,10604,77642,chatMessage,False
71,5ef78e8dce2f7f58fcd0a839,pilot0,3878-afb0aafe-768b-485b-9e69-251a58fcf3ff,1593282189581.0,3EICBYG648W331O062RB7AT6BR3CJY,L,C,7.0,8,2,sq 9 H blk,11187,92387,chatMessage,False
72,5ef78ea2ce2f7f58fcd0a840,pilot0,3878-afb0aafe-768b-485b-9e69-251a58fcf3ff,1593282210689.0,3EICBYG648W331O062RB7AT6BR3CJY,L,C,7.0,10,2,v ovr h,7364,113507,chatMessage,False
73,5ef78eacce2f7f58fcd0a845,pilot0,3878-afb0aafe-768b-485b-9e69-251a58fcf3ff,1593282220560.0,3EICBYG648W331O062RB7AT6BR3CJY,L,C,7.0,12,2,v ovr v,4588,123369,chatMessage,False
74,5ef78eb6ce2f7f58fcd0a848,pilot0,3878-afb0aafe-768b-485b-9e69-251a58fcf3ff,1593282230234.0,3EICBYG648W331O062RB7AT6BR3CJY,L,C,7.0,14,2,h over v,5346,133034,chatMessage,False
75,5ef78ecbce2f7f58fcd0a851,pilot0,3878-afb0aafe-768b-485b-9e69-251a58fcf3ff,1593282251298.0,3EICBYG648W331O062RB7AT6BR3CJY,C,Pi,8.0,0,2,sq 3 h blk,9419,9419,chatMessage,False
76,5ef78ed7ce2f7f58fcd0a856,pilot0,3878-afb0aafe-768b-485b-9e69-251a58fcf3ff,1593282263663.0,3EICBYG648W331O062RB7AT6BR3CJY,C,Pi,8.0,2,2,v ovr h,5649,21778,chatMessage,False
77,5ef78ee2ce2f7f58fcd0a85c,pilot0,3878-afb0aafe-768b-485b-9e69-251a58fcf3ff,1593282274286.0,3EICBYG648W331O062RB7AT6BR3CJY,C,Pi,8.0,4,2,v ovr v,4060,32407,chatMessage,False
78,5ef78eebce2f7f58fcd0a861,pilot0,3878-afb0aafe-768b-485b-9e69-251a58fcf3ff,1593282283169.0,3EICBYG648W331O062RB7AT6BR3CJY,C,Pi,8.0,6,2,h ovr v,4440,41282,chatMessage,False
79,5ef78ef7ce2f7f58fcd0a86a,pilot0,3878-afb0aafe-768b-485b-9e69-251a58fcf3ff,1593282295739.0,3EICBYG648W331O062RB7AT6BR3CJY,C,Pi,8.0,8,2,8 sq V blk,7651,53793,chatMessage,False
80,5ef78f06ce2f7f58fcd0a870,pilot0,3878-afb0aafe-768b-485b-9e69-251a58fcf3ff,1593282310121.0,3EICBYG648W331O062RB7AT6BR3CJY,C,Pi,8.0,10,2,h over v,3977,68237,chatMessage,False
81,5ef78f11ce2f7f58fcd0a875,pilot0,3878-afb0aafe-768b-485b-9e69-251a58fcf3ff,1593282321446.0,3EICBYG648W331O062RB7AT6BR3CJY,C,Pi,8.0,12,2,sq 11 v blk,5982,79567,chatMessage,False
82,5ef78f20ce2f7f58fcd0a87d,pilot0,3878-afb0aafe-768b-485b-9e69-251a58fcf3ff,1593282336734.0,3EICBYG648W331O062RB7AT6BR3CJY,C,Pi,8.0,14,2,h blk fill the gap,7138,94856,chatMessage,False
83,5ef78f35ce2f7f58fcd0a888,pilot0,3878-afb0aafe-768b-485b-9e69-251a58fcf3ff,1593282357315.0,3EICBYG648W331O062RB7AT6BR3CJY,Pi,C,9.0,0,3,sq 2 v blk,7702,7702,chatMessage,False
84,5ef78f44ce2f7f58fcd0a88f,pilot0,3878-afb0aafe-768b-485b-9e69-251a58fcf3ff,1593282372809.0,3EICBYG648W331O062RB7AT6BR3CJY,Pi,C,9.0,2,3,h over v,6138,23203,chatMessage,False
85,5ef78f50ce2f7f58fcd0a893,pilot0,3878-afb0aafe-768b-485b-9e69-251a58fcf3ff,1593282384273.0,3EICBYG648W331O062RB7AT6BR3CJY,Pi,C,9.0,4,3,sq 5 v blk,6889,34622,chatMessage,False
86,5ef78f5cce2f7f58fcd0a899,pilot0,3878-afb0aafe-768b-485b-9e69-251a58fcf3ff,1593282396289.0,3EICBYG648W331O062RB7AT6BR3CJY,Pi,C,9.0,6,3,fill the gap h blk,6729,46687,chatMessage,False
87,5ef78f68ce2f7f58fcd0a89f,pilot0,3878-afb0aafe-768b-485b-9e69-251a58fcf3ff,1593282408945.0,3EICBYG648W331O062RB7AT6BR3CJY,Pi,C,9.0,8,3,sq 9 h blk,8815,59280,chatMessage,False
88,5ef78f76ce2f7f58fcd0a8a8,pilot0,3878-afb0aafe-768b-485b-9e69-251a58fcf3ff,1593282422074.0,3EICBYG648W331O062RB7AT6BR3CJY,Pi,C,9.0,10,3,v ovr h,4517,72384,chatMessage,False
89,5ef78f7ece2f7f58fcd0a8ad,pilot0,3878-afb0aafe-768b-485b-9e69-251a58fcf3ff,1593282430728.0,3EICBYG648W331O062RB7AT6BR3CJY,Pi,C,9.0,12,3,v ovr v,4249,81132,chatMessage,False
90,5ef78f89ce2f7f58fcd0a8b6,pilot0,3878-afb0aafe-768b-485b-9e69-251a58fcf3ff,1593282441439.0,3EICBYG648W331O062RB7AT6BR3CJY,Pi,C,9.0,14,3,h ovr v,6891,91839,chatMessage,False
91,5ef78f9fce2f7f58fcd0a8bf,pilot0,3878-afb0aafe-768b-485b-9e69-251a58fcf3ff,1593282463711.0,3EICBYG648W331O062RB7AT6BR3CJY,Pi,L,10.0,0,3,sq 2 v blk,9028,9028,chatMessage,False
92,5ef78fa9ce2f7f58fcd0a8c3,pilot0,3878-afb0aafe-768b-485b-9e69-251a58fcf3ff,1593282473471.0,3EICBYG648W331O062RB7AT6BR3CJY,Pi,L,10.0,2,3,h ovr v,4153,18763,chatMessage,False
93,5ef78fb6ce2f7f58fcd0a8c9,pilot0,3878-afb0aafe-768b-485b-9e69-251a58fcf3ff,1593282486175.0,3EICBYG648W331O062RB7AT6BR3CJY,Pi,L,10.0,4,3,sq 5 v blk,5935,31483,chatMessage,False
94,5ef78fc2ce2f7f58fcd0a8d0,pilot0,3878-afb0aafe-768b-485b-9e69-251a58fcf3ff,1593282498132.0,3EICBYG648W331O062RB7AT6BR3CJY,Pi,L,10.0,6,3,h ovr v fill the gap,6440,43409,chatMessage,False
95,5ef78fcece2f7f58fcd0a8da,pilot0,3878-afb0aafe-768b-485b-9e69-251a58fcf3ff,1593282510302.0,3EICBYG648W331O062RB7AT6BR3CJY,Pi,L,10.0,8,3,sq 8 h blk,8843,55617,chatMessage,False
96,5ef78fddce2f7f58fcd0a8e4,pilot0,3878-afb0aafe-768b-485b-9e69-251a58fcf3ff,1593282525799.0,3EICBYG648W331O062RB7AT6BR3CJY,Pi,L,10.0,10,3,v ovr h,5174,71117,chatMessage,False
97,5ef78fe7ce2f7f58fcd0a8ec,pilot0,3878-afb0aafe-768b-485b-9e69-251a58fcf3ff,1593282535085.0,3EICBYG648W331O062RB7AT6BR3CJY,Pi,L,10.0,12,3,v ovr v,4497,80395,chatMessage,False
98,5ef78ff2ce2f7f58fcd0a8f1,pilot0,3878-afb0aafe-768b-485b-9e69-251a58fcf3ff,1593282546290.0,3EICBYG648W331O062RB7AT6BR3CJY,Pi,L,10.0,14,3,sq 10 h blk,6284,91607,chatMessage,False
99,5ef7900fce2f7f58fcd0a902,pilot0,3878-afb0aafe-768b-485b-9e69-251a58fcf3ff,1593282575023.0,3EICBYG648W331O062RB7AT6BR3CJY,C,L,11.0,0,3,sq 3 h blk,7445,7445,chatMessage,False
100,5ef79019ce2f7f58fcd0a90a,pilot0,3878-afb0aafe-768b-485b-9e69-251a58fcf3ff,1593282585495.0,3EICBYG648W331O062RB7AT6BR3CJY,C,L,11.0,2,3,v ovr h,4825,17916,chatMessage,False
101,5ef79021ce2f7f58fcd0a911,pilot0,3878-afb0aafe-768b-485b-9e69-251a58fcf3ff,1593282593243.0,3EICBYG648W331O062RB7AT6BR3CJY,C,L,11.0,4,3,v ovr v,3758,25648,chatMessage,False
102,5ef79028ce2f7f58fcd0a917,pilot0,3878-afb0aafe-768b-485b-9e69-251a58fcf3ff,1593282600707.0,3EICBYG648W331O062RB7AT6BR3CJY,C,L,11.0,6,3,h ovr v,3782,32929,chatMessage,False
103,5ef79034ce2f7f58fcd0a91f,pilot0,3878-afb0aafe-768b-485b-9e69-251a58fcf3ff,1593282612594.0,3EICBYG648W331O062RB7AT6BR3CJY,C,L,11.0,8,3,sq 8 h blk,7356,44999,chatMessage,False
104,5ef79042ce2f7f58fcd0a92a,pilot0,3878-afb0aafe-768b-485b-9e69-251a58fcf3ff,1593282626253.0,3EICBYG648W331O062RB7AT6BR3CJY,C,L,11.0,10,3,v ovr h,5331,58559,chatMessage,False
105,5ef7904cce2f7f58fcd0a930,pilot0,3878-afb0aafe-768b-485b-9e69-251a58fcf3ff,1593282636739.0,3EICBYG648W331O062RB7AT6BR3CJY,C,L,11.0,12,3,v ovr v,6980,69149,chatMessage,False
106,5ef79056ce2f7f58fcd0a935,pilot0,3878-afb0aafe-768b-485b-9e69-251a58fcf3ff,1593282646971.0,3EICBYG648W331O062RB7AT6BR3CJY,C,L,11.0,14,3,sq 10 h blk,5585,79370,chatMessage,False
0,5ef78671ce2f7f58fcd0a413,pilot0,7109-2ef42705-61df-4552-a6ce-e9e6966dd760,1593280113337.0,30H4UDGLT6ICYY3PE4Q972KUE4DPMT,vertical,horizontal,,0,practice,Place one block to the left of the red line,43518,43518,chatMessage,True
1,5ef786a0ce2f7f58fcd0a42e,pilot0,7109-2ef42705-61df-4552-a6ce-e9e6966dd760,1593280160886.0,30H4UDGLT6ICYY3PE4Q972KUE4DPMT,vertical,horizontal,,2,practice,Stand a block up on its end immediately left of the red line on the left,26344,91069,chatMessage,True
2,5ef786c8ce2f7f58fcd0a444,pilot0,7109-2ef42705-61df-4552-a6ce-e9e6966dd760,1593280200461.0,30H4UDGLT6ICYY3PE4Q972KUE4DPMT,vertical,horizontal,,4,practice,Put the other one horizontally so its center is on the other red line,20196,130642,chatMessage,True
3,5ef786eace2f7f58fcd0a452,pilot0,7109-2ef42705-61df-4552-a6ce-e9e6966dd760,1593280234271.0,30H4UDGLT6ICYY3PE4Q972KUE4DPMT,C,Pi,0.0,0,0,Put a block horizontally so its center is on the redline on the left,22193,22193,chatMessage,False
4,5ef78708ce2f7f58fcd0a465,pilot0,7109-2ef42705-61df-4552-a6ce-e9e6966dd760,1593280264921.0,30H4UDGLT6ICYY3PE4Q972KUE4DPMT,C,Pi,0.0,2,0,"On the left half of the block just places, stack two vertically~~~",21676,52843,chatMessage,False
5,5ef7871fce2f7f58fcd0a470,pilot0,7109-2ef42705-61df-4552-a6ce-e9e6966dd760,1593280287758.0,30H4UDGLT6ICYY3PE4Q972KUE4DPMT,C,Pi,0.0,4,0,Another just like that forming a tower up~~~,14172,75680,chatMessage,False
6,5ef78739ce2f7f58fcd0a47f,pilot0,7109-2ef42705-61df-4552-a6ce-e9e6966dd760,1593280313167.0,30H4UDGLT6ICYY3PE4Q972KUE4DPMT,C,Pi,0.0,6,0,Now one more horizontally to make a backwards C shape,17183,101091,chatMessage,False
7,5ef7875fce2f7f58fcd0a48f,pilot0,7109-2ef42705-61df-4552-a6ce-e9e6966dd760,1593280351454.0,30H4UDGLT6ICYY3PE4Q972KUE4DPMT,C,Pi,0.0,8,0,"On the other side we're making an arch~~~ One vertical, one block away from the red line",22379,139377,chatMessage,False
8,5ef7878ece2f7f58fcd0a4a9,pilot0,7109-2ef42705-61df-4552-a6ce-e9e6966dd760,1593280398868.0,30H4UDGLT6ICYY3PE4Q972KUE4DPMT,C,Pi,0.0,10,0,The block should be one further away than that actually,23505,186790,chatMessage,False
9,5ef787b9ce2f7f58fcd0a4cb,pilot0,7109-2ef42705-61df-4552-a6ce-e9e6966dd760,1593280441898.0,30H4UDGLT6ICYY3PE4Q972KUE4DPMT,C,Pi,0.0,12,0,"Place the block one block away from the red line, vertically, so there's a gap
",27721,229820,chatMessage,False
10,5ef78801ce2f7f58fcd0a503,pilot0,7109-2ef42705-61df-4552-a6ce-e9e6966dd760,1593280513783.0,30H4UDGLT6ICYY3PE4Q972KUE4DPMT,C,Pi,0.0,14,0,Put a horizontal block above the left block so it reaches across,37335,301705,chatMessage,False
11,5ef7882fce2f7f58fcd0a527,pilot0,7109-2ef42705-61df-4552-a6ce-e9e6966dd760,1593280559414.0,30H4UDGLT6ICYY3PE4Q972KUE4DPMT,C,Pi,0.0,16,0,Put one on the opposite side of the red line horizontal,35166,347337,chatMessage,False
12,5ef78875ce2f7f58fcd0a55e,pilot0,7109-2ef42705-61df-4552-a6ce-e9e6966dd760,1593280629247.0,30H4UDGLT6ICYY3PE4Q972KUE4DPMT,L,C,1.0,0,0,"Two horizontal blocks, one on each side of the left red line~~~ A 4x tetris piece on its side~~~",30173,30173,chatMessage,False
13,5ef788b2ce2f7f58fcd0a58d,pilot0,7109-2ef42705-61df-4552-a6ce-e9e6966dd760,1593280690756.0,30H4UDGLT6ICYY3PE4Q972KUE4DPMT,L,C,1.0,2,0,"Nice~~~ Now another 4x Tetris piece horizontally up the left side, so it stands on top of the other 1~~~",36753,91674,chatMessage,False
14,5ef788eace2f7f58fcd0a5ba,pilot0,7109-2ef42705-61df-4552-a6ce-e9e6966dd760,1593280746517.0,30H4UDGLT6ICYY3PE4Q972KUE4DPMT,L,C,1.0,4,0,I meant vertically~~~ Sorry~~~ Making an L shape with 5 on the left and 4 on the bottom~~~,28047,147437,chatMessage,False
15,5ef78925ce2f7f58fcd0a5e2,pilot0,7109-2ef42705-61df-4552-a6ce-e9e6966dd760,1593280805940.0,30H4UDGLT6ICYY3PE4Q972KUE4DPMT,L,C,1.0,6,0,"Ok, other red line - put a horizonal block so its center is on the red line",25413,206867,chatMessage,False
16,5ef78945ce2f7f58fcd0a5f5,pilot0,7109-2ef42705-61df-4552-a6ce-e9e6966dd760,1593280837465.0,30H4UDGLT6ICYY3PE4Q972KUE4DPMT,L,C,1.0,8,0,Two vertical on top of the left side of the one just placed~~~,22455,238393,chatMessage,False
17,5ef78970ce2f7f58fcd0a616,pilot0,7109-2ef42705-61df-4552-a6ce-e9e6966dd760,1593280880237.0,30H4UDGLT6ICYY3PE4Q972KUE4DPMT,L,Pi,2.0,0,0,"L shape on the left side, just like on the last trial~~~",18551,18551,chatMessage,False
18,5ef789a0ce2f7f58fcd0a638,pilot0,7109-2ef42705-61df-4552-a6ce-e9e6966dd760,1593280928803.0,30H4UDGLT6ICYY3PE4Q972KUE4DPMT,L,Pi,2.0,2,0,"Arch on the right~~~ 
XXXX
X--X
X--X",23508,67117,chatMessage,False
19,5ef789e1ce2f7f58fcd0a65d,pilot0,7109-2ef42705-61df-4552-a6ce-e9e6966dd760,1593280993247.0,30H4UDGLT6ICYY3PE4Q972KUE4DPMT,L,Pi,2.0,4,0,Skip one block away from the red line and put a vertical block there~~~ Mirror that on the other side~~~,31944,131562,chatMessage,False
20,5ef78a20ce2f7f58fcd0a69a,pilot0,7109-2ef42705-61df-4552-a6ce-e9e6966dd760,1593281056108.0,30H4UDGLT6ICYY3PE4Q972KUE4DPMT,C,L,3.0,0,1,C on the left~~~ One horizontal with its center touching the red line~~~,21359,21359,chatMessage,False
21,5ef78a52ce2f7f58fcd0a6bf,pilot0,7109-2ef42705-61df-4552-a6ce-e9e6966dd760,1593281106484.0,30H4UDGLT6ICYY3PE4Q972KUE4DPMT,C,L,3.0,2,1,One more vertical on top of the vertical one just placed~~~,19696,71734,chatMessage,False
22,5ef78a73ce2f7f58fcd0a6d9,pilot0,7109-2ef42705-61df-4552-a6ce-e9e6966dd760,1593281139317.0,30H4UDGLT6ICYY3PE4Q972KUE4DPMT,C,L,3.0,4,1,Yup~~~ Now an L on the right~~~ Two horizontal blocks with the red line between them~~~,20993,104568,chatMessage,False
23,5ef78aa3ce2f7f58fcd0a6f6,pilot0,7109-2ef42705-61df-4552-a6ce-e9e6966dd760,1593281187357.0,30H4UDGLT6ICYY3PE4Q972KUE4DPMT,Pi,C,4.0,0,1,Arch on the left and C on the right~~~,19791,19791,chatMessage,False
24,5ef78adfce2f7f58fcd0a717,pilot0,7109-2ef42705-61df-4552-a6ce-e9e6966dd760,1593281247181.0,30H4UDGLT6ICYY3PE4Q972KUE4DPMT,Pi,L,5.0,0,1,Arch on the left~~~ L on the right~~~,17068,17068,chatMessage,False
25,5ef78b11ce2f7f58fcd0a72c,pilot0,7109-2ef42705-61df-4552-a6ce-e9e6966dd760,1593281297066.0,30H4UDGLT6ICYY3PE4Q972KUE4DPMT,L,Pi,6.0,0,2,"L on the left, arch on the right~~~ We're doing awesome~~~",14459,14459,chatMessage,False
26,5ef78b4cce2f7f58fcd0a73d,pilot0,7109-2ef42705-61df-4552-a6ce-e9e6966dd760,1593281356373.0,30H4UDGLT6ICYY3PE4Q972KUE4DPMT,L,Pi,6.0,2,2,Arch on the right centered around the red line~~~,21509,73766,chatMessage,False
27,5ef78b6dce2f7f58fcd0a749,pilot0,7109-2ef42705-61df-4552-a6ce-e9e6966dd760,1593281389810.0,30H4UDGLT6ICYY3PE4Q972KUE4DPMT,C,Pi,7.0,0,2,"C on the left, arch again on the right~~~",11969,11969,chatMessage,False
28,5ef78b9ace2f7f58fcd0a75d,pilot0,7109-2ef42705-61df-4552-a6ce-e9e6966dd760,1593281434372.0,30H4UDGLT6ICYY3PE4Q972KUE4DPMT,L,C,8.0,0,2,"L on the left, C on the right~~~",10952,10952,chatMessage,False
29,5ef78bc8ce2f7f58fcd0a76c,pilot0,7109-2ef42705-61df-4552-a6ce-e9e6966dd760,1593281480572.0,30H4UDGLT6ICYY3PE4Q972KUE4DPMT,C,L,9.0,0,3,"C on the left, L on the right~~~",14028,14029,chatMessage,False
30,5ef78bf2ce2f7f58fcd0a784,pilot0,7109-2ef42705-61df-4552-a6ce-e9e6966dd760,1593281522914.0,30H4UDGLT6ICYY3PE4Q972KUE4DPMT,Pi,C,10.0,0,3,"Arch on the left, C on the right~~~",10809,10809,chatMessage,False
31,5ef78c21ce2f7f58fcd0a798,pilot0,7109-2ef42705-61df-4552-a6ce-e9e6966dd760,1593281569115.0,30H4UDGLT6ICYY3PE4Q972KUE4DPMT,Pi,L,11.0,0,3,"Last one! Arch on the left, L on the right~~~",13164,13164,chatMessage,False
0,5ef78d87ce2f7f58fcd0a7e8,pilot0,9387-db1af5ad-b089-48ad-a730-baee40f08177,1593281927545.0,3R0T90IZ1WCTCZYZYW68AX1QJZMCGU,horizontal,vertical,,0,practice,BUILDER CAN BE ONLY PERMIT THE DOMNIO,141169,141169,chatMessage,True
1,5ef78de5ce2f7f58fcd0a805,pilot0,9387-db1af5ad-b089-48ad-a730-baee40f08177,1593282021552.0,3R0T90IZ1WCTCZYZYW68AX1QJZMCGU,horizontal,vertical,,0,practice,arrange the blocks fastly,55057,55057,chatMessage,True
2,5ef78e1cce2f7f58fcd0a815,pilot0,9387-db1af5ad-b089-48ad-a730-baee40f08177,1593282076113.0,3R0T90IZ1WCTCZYZYW68AX1QJZMCGU,horizontal,vertical,,0,practice,ok nice try,33800,33800,chatMessage,True
3,5ef78e62ce2f7f58fcd0a827,pilot0,9387-db1af5ad-b089-48ad-a730-baee40f08177,1593282146778.0,3R0T90IZ1WCTCZYZYW68AX1QJZMCGU,L,Pi,0.0,0,0,next use the block easy,41227,41227,chatMessage,False
4,5ef78ec0ce2f7f58fcd0a84d,pilot0,9387-db1af5ad-b089-48ad-a730-baee40f08177,1593282240178.0,3R0T90IZ1WCTCZYZYW68AX1QJZMCGU,L,C,1.0,0,0,ok not bad,34946,34946,chatMessage,False
5,5ef78f19ce2f7f58fcd0a87a,pilot0,9387-db1af5ad-b089-48ad-a730-baee40f08177,1593282329952.0,3R0T90IZ1WCTCZYZYW68AX1QJZMCGU,C,Pi,2.0,0,0,super,29697,29697,chatMessage,False
6,5ef78f63ce2f7f58fcd0a89e,pilot0,9387-db1af5ad-b089-48ad-a730-baee40f08177,1593282403943.0,3R0T90IZ1WCTCZYZYW68AX1QJZMCGU,C,L,3.0,0,1,duper,5448,5448,chatMessage,False
7,5ef78f93ce2f7f58fcd0a8ba,pilot0,9387-db1af5ad-b089-48ad-a730-baee40f08177,1593282451142.0,3R0T90IZ1WCTCZYZYW68AX1QJZMCGU,Pi,C,4.0,0,1,super ,7953,7953,chatMessage,False
8,5ef78fdcce2f7f58fcd0a8e3,pilot0,9387-db1af5ad-b089-48ad-a730-baee40f08177,1593282524190.0,3R0T90IZ1WCTCZYZYW68AX1QJZMCGU,Pi,L,5.0,0,1,ok,2872,2872,chatMessage,False
9,5ef7900ece2f7f58fcd0a901,pilot0,9387-db1af5ad-b089-48ad-a730-baee40f08177,1593282574929.0,3R0T90IZ1WCTCZYZYW68AX1QJZMCGU,C,Pi,6.0,0,2,iik,4889,4889,chatMessage,False
10,5ef7903bce2f7f58fcd0a924,pilot0,9387-db1af5ad-b089-48ad-a730-baee40f08177,1593282619427.0,3R0T90IZ1WCTCZYZYW68AX1QJZMCGU,L,C,7.0,0,2,ok,6294,6294,chatMessage,False
11,5ef7906fce2f7f58fcd0a941,pilot0,9387-db1af5ad-b089-48ad-a730-baee40f08177,1593282671713.0,3R0T90IZ1WCTCZYZYW68AX1QJZMCGU,L,Pi,8.0,0,2,ok,5567,5567,chatMessage,False
12,5ef7909cce2f7f58fcd0a951,pilot0,9387-db1af5ad-b089-48ad-a730-baee40f08177,1593282716015.0,3R0T90IZ1WCTCZYZYW68AX1QJZMCGU,Pi,C,9.0,0,3,ok,3909,3909,chatMessage,False
13,5ef790c8ce2f7f58fcd0a960,pilot0,9387-db1af5ad-b089-48ad-a730-baee40f08177,1593282760911.0,3R0T90IZ1WCTCZYZYW68AX1QJZMCGU,C,L,10.0,0,3,kk,4423,4423,chatMessage,False
14,5ef790fbce2f7f58fcd0a96f,pilot0,9387-db1af5ad-b089-48ad-a730-baee40f08177,1593282811546.0,3R0T90IZ1WCTCZYZYW68AX1QJZMCGU,Pi,L,11.0,0,3,ok,9521,9521,chatMessage,False
